hydro_power_change_mw,renewable_power_change_mw,load_addition_mw,total_emissions_change_kg_co2,num_generators_changed,datetime,mer_kg_co2_per_mwh,storage_power_change_mw,thermal_emissions_change_kg_co2,hour,thermal_power_change_mw,total_power_change_mw,storage_emissions_change_kg_co2
-0.22408703056967738,0.0,1.0,0.5744813736021506,3,2019-01-01T00:00:00.0,0.5744813736021506,0.0,0.5744813736021506,1,1.2240870305697196,1.0000000000000422,0.0
-0.2264717180649498,0.0,1.0,0.5523633304213832,4,2019-01-01T01:00:00.0,0.5523633304213832,0.0,0.5523633304213832,2,1.2264717180452234,0.9999999999802736,0.0
-0.22647171806483612,0.0,1.0,0.5523633304356881,4,2019-01-01T02:00:00.0,0.5523633304356881,0.0,0.5523633304356881,3,1.2264717180769802,1.000000000012144,0.0
-0.22647171805594724,0.0,1.0,0.552363330421909,4,2019-01-01T03:00:00.0,0.552363330421909,0.0,0.552363330421909,4,1.2264717180463873,0.9999999999904401,0.0
-0.22647171806181632,0.0,1.0,0.552363330427722,4,2019-01-01T04:00:00.0,0.552363330427722,0.0,0.552363330427722,5,1.226471718059293,0.9999999999974767,0.0
-0.2264717180625766,0.0,1.0,0.5523633304133204,4,2019-01-01T05:00:00.0,0.5523633304133204,0.0,0.5523633304133204,6,1.2264717180273204,0.9999999999647438,0.0
-0.22408703057177348,0.0,1.0,0.5744813736003362,3,2019-01-01T06:00:00.0,0.5744813736003362,0.0,0.5744813736003362,7,1.2240870305661296,0.9999999999943561,0.0
0.0451548998192024,0.0,1.0,0.3883175932853957,4,2019-01-01T07:00:00.0,0.3883175932853957,0.0,0.3883175932853957,8,0.9548451001802629,0.9999999999994653,0.0
-0.22408703056927948,0.0,1.0,0.5744813736045769,3,2019-01-01T08:00:00.0,0.5744813736045769,0.0,0.5744813736045769,9,1.224087030572914,1.0000000000036344,0.0
-0.22408703056672863,0.0,1.0,0.4939341100752594,3,2019-01-01T09:00:00.0,0.4939341100752594,0.0,0.4939341100752594,10,1.22408703057798,1.0000000000112514,0.0
-0.22408703056481727,0.0,1.0,0.4939341100712906,3,2019-01-01T10:00:00.0,0.4939341100712906,0.0,0.4939341100712906,11,1.22408703057018,1.0000000000053628,0.0
0.0,0.0,1.0,0.4262763342244878,1,2019-01-01T11:00:00.0,0.4262763342244878,0.0,0.4262763342244878,12,0.9999999999964526,0.9999999999964526,0.0
-0.22400010226425593,0.0,1.0,0.49411191095840234,3,2019-01-01T12:00:00.0,0.49411191095840234,0.0,0.49411191095840234,13,1.2240001022629823,0.9999999999987264,0.0
-0.22647171806227107,0.0,1.0,0.4708552661723533,4,2019-01-01T13:00:00.0,0.4708552661723533,0.0,0.4708552661723533,14,1.2264717180677778,1.0000000000055067,0.0
-0.2651858442183581,0.0,1.0,0.577960545503114,4,2019-01-01T14:00:00.0,0.577960545503114,0.0,0.577960545503114,15,1.265185844226802,1.000000000008444,0.0
-0.2240870305698195,0.0,1.0,0.5744813736062433,3,2019-01-01T15:00:00.0,0.5744813736062433,0.0,0.5744813736062433,16,1.2240870305766145,1.000000000006795,0.0
0.04515489981984189,0.0,1.0,0.38831759328893534,4,2019-01-01T16:00:00.0,0.38831759328893534,0.0,0.38831759328893534,17,0.954845100190024,1.0000000000098659,0.0
0.04515489982118481,0.0,1.0,0.38831759328392584,4,2019-01-01T17:00:00.0,0.38831759328392584,0.0,0.38831759328392584,18,0.9548451001693596,0.9999999999905445,0.0
0.04515489981701393,0.0,1.0,0.3883175932824676,4,2019-01-01T18:00:00.0,0.3883175932824676,0.0,0.3883175932824676,19,0.9548451001757741,0.999999999992788,0.0
0.045154899819159766,0.0,1.0,0.38831759328052756,4,2019-01-01T19:00:00.0,0.38831759328052756,0.0,0.38831759328052756,20,0.954845100174067,0.9999999999932268,0.0
0.045154899818058425,0.0,1.0,0.38831759328155957,4,2019-01-01T20:00:00.0,0.38831759328155957,0.0,0.38831759328155957,21,0.954845100170866,0.9999999999889244,0.0
0.04515489981967846,0.0,1.0,0.388317593277607,4,2019-01-01T21:00:00.0,0.388317593277607,0.0,0.388317593277607,22,0.9548451001669189,0.9999999999865974,0.0
0.04515489982001242,0.0,1.0,0.38831759328410176,4,2019-01-01T22:00:00.0,0.38831759328410176,0.0,0.38831759328410176,23,0.9548451001746354,0.9999999999946478,0.0
0.04515489981924503,0.0,1.0,0.38831759328964494,4,2019-01-01T23:00:00.0,0.38831759328964494,0.0,0.38831759328964494,24,0.9548451001855387,1.0000000000047837,0.0
0.0,0.0,1.0,0.3833468657579002,2,2019-01-02T00:00:00.0,0.3833468657579002,0.0,0.3833468657579002,25,0.9999999999967741,0.9999999999967741,0.0
0.0,0.0,1.0,0.4262763342356348,1,2019-01-02T01:00:00.0,0.4262763342356348,0.0,0.4262763342356348,26,1.0000000000226024,1.0000000000226024,0.0
0.0,0.0,1.0,0.4262763342095199,1,2019-01-02T02:00:00.0,0.4262763342095199,0.0,0.4262763342095199,27,0.9999999999613394,0.9999999999613394,0.0
0.0,0.0,1.0,0.38334686575784077,2,2019-01-02T03:00:00.0,0.38334686575784077,0.0,0.38334686575784077,28,0.9999999999962483,0.9999999999962483,0.0
0.0,0.0,1.0,0.38334686576158333,2,2019-01-02T04:00:00.0,0.38334686576158333,0.0,0.38334686576158333,29,1.0000000000047748,1.0000000000047748,0.0
0.0,0.0,1.0,0.3833468657626328,2,2019-01-02T05:00:00.0,0.3833468657626328,0.0,0.3833468657626328,30,1.0000000000067502,1.0000000000067502,0.0
0.0,0.0,1.0,0.43332828655017125,2,2019-01-02T06:00:00.0,0.43332828655017125,0.0,0.43332828655017125,31,1.0000000000046967,1.0000000000046967,0.0
0.0,0.0,1.0,0.41728086547551196,3,2019-01-02T07:00:00.0,0.41728086547551196,0.0,0.41728086547551196,32,0.9999289588326832,0.9999289588326832,0.0
0.0,0.0,1.0,0.4333282865495806,2,2019-01-02T08:00:00.0,0.4333282865495806,0.0,0.4333282865495806,33,1.0000000000004334,1.0000000000004334,0.0
0.0,0.0,1.0,0.46150799444386703,2,2019-01-02T09:00:00.0,0.46150799444386703,0.0,0.46150799444386703,34,1.0000000000058407,1.0000000000058407,0.0
0.0,0.0,1.0,0.4615079944432066,2,2019-01-02T10:00:00.0,0.4615079944432066,0.0,0.4615079944432066,35,1.0000000000031797,1.0000000000031797,0.0
0.0,0.0,1.0,0.4615079944343444,2,2019-01-02T11:00:00.0,0.4615079944343444,0.0,0.4615079944343444,36,0.9999999999861267,0.9999999999861267,0.0
0.0,0.0,1.0,0.40637415733540116,2,2019-01-02T12:00:00.0,0.40637415733540116,0.0,0.40637415733540116,37,0.9999999999947153,0.9999999999947153,0.0
0.0,0.0,1.0,0.4063741573326096,2,2019-01-02T13:00:00.0,0.4063741573326096,0.0,0.4063741573326096,38,0.9999999999948148,0.9999999999948148,0.0
0.0,0.0,1.0,0.42627633423551065,1,2019-01-02T14:00:00.0,0.42627633423551065,0.0,0.42627633423551065,39,1.000000000022311,1.000000000022311,0.0
0.0,0.0,1.0,0.4254808017870026,2,2019-01-02T15:00:00.0,0.4254808017870026,0.0,0.4254808017870026,40,1.0000000000505551,1.0000000000505551,0.0
0.0,0.0,1.0,0.42548080177263836,2,2019-01-02T16:00:00.0,0.42548080177263836,0.0,0.42548080177263836,41,1.0000000000184457,1.0000000000184457,0.0
0.0,0.0,1.0,0.4254808017617226,2,2019-01-02T17:00:00.0,0.4254808017617226,0.0,0.4254808017617226,42,0.9999999999955804,0.9999999999955804,0.0
0.0,0.0,1.0,0.42548080177319375,2,2019-01-02T18:00:00.0,0.42548080177319375,0.0,0.42548080177319375,43,1.0000000000187725,1.0000000000187725,0.0
0.0,0.0,1.0,0.43892634577472794,3,2019-01-02T19:00:00.0,0.43892634577472794,0.0,0.43892634577472794,44,0.999999999982542,0.999999999982542,0.0
0.0,0.0,1.0,0.4389263457898055,3,2019-01-02T20:00:00.0,0.4389263457898055,0.0,0.4389263457898055,45,1.0000000000105231,1.0000000000105231,0.0
0.0,0.0,1.0,0.4315143606704782,3,2019-01-02T21:00:00.0,0.4315143606704782,0.0,0.4315143606704782,46,1.0000000000089289,1.0000000000089289,0.0
0.0,0.0,1.0,0.4315143606732522,3,2019-01-02T22:00:00.0,0.4315143606732522,0.0,0.4315143606732522,47,0.999999999995361,0.999999999995361,0.0
0.0,0.0,1.0,0.4262763342262423,1,2019-01-02T23:00:00.0,0.4262763342262423,0.0,0.4262763342262423,48,1.0000000000005684,1.0000000000005684,0.0
0.04504472584060437,0.0,1.0,0.41218163639538646,5,2019-01-03T00:00:00.0,0.41218163639538646,0.0,0.41218163639538646,49,0.9549552741455658,0.9999999999861702,0.0
0.0,0.0,1.0,0.41636585223777994,3,2019-01-03T01:00:00.0,0.41636585223777994,0.0,0.41636585223777994,50,1.0000000000177423,1.0000000000177423,0.0
0.0,0.0,1.0,0.41636585223902706,3,2019-01-03T02:00:00.0,0.41636585223902706,0.0,0.41636585223902706,51,1.0000000000157776,1.0000000000157776,0.0
0.0,0.0,1.0,0.4163658522198127,3,2019-01-03T03:00:00.0,0.4163658522198127,0.0,0.4163658522198127,52,0.999999999989317,0.999999999989317,0.0
0.0,0.0,1.0,0.41636585222382305,3,2019-01-03T04:00:00.0,0.41636585222382305,0.0,0.41636585222382305,53,0.9999999999955325,0.9999999999955325,0.0
0.0,0.0,1.0,0.4163658522322589,3,2019-01-03T05:00:00.0,0.4163658522322589,0.0,0.4163658522322589,54,1.0000000000086846,1.0000000000086846,0.0
0.0,0.0,1.0,0.4163658522202592,3,2019-01-03T06:00:00.0,0.4163658522202592,0.0,0.4163658522202592,55,0.9999999999873666,0.9999999999873666,0.0
0.0,0.0,1.0,0.3958609655628348,3,2019-01-03T07:00:00.0,0.3958609655628348,0.0,0.3958609655628348,56,0.9999999999904325,0.9999999999904325,0.0
0.0,0.0,1.0,0.3958609655702217,3,2019-01-03T08:00:00.0,0.3958609655702217,0.0,0.3958609655702217,57,1.0000000000051195,1.0000000000051195,0.0
0.0,0.0,1.0,0.42627633422456124,1,2019-01-03T09:00:00.0,0.42627633422456124,0.0,0.42627633422456124,58,0.9999999999966249,0.9999999999966249,0.0
-0.27545506412222664,0.0,1.0,0.4750429551571332,3,2019-01-03T10:00:00.0,0.4750429551571332,0.0,0.4750429551571332,59,1.2754550641179065,0.9999999999956799,0.0
-0.275455064119285,0.0,1.0,0.4750429551558225,3,2019-01-03T11:00:00.0,0.4750429551558225,0.0,0.4750429551558225,60,1.2754550641145812,0.9999999999952962,0.0
-0.2754550641244222,0.0,1.0,0.4750429551701365,3,2019-01-03T12:00:00.0,0.4750429551701365,0.0,0.4750429551701365,61,1.2754550641473585,1.0000000000229363,0.0
0.0,0.0,1.0,0.4262763342312157,1,2019-01-03T13:00:00.0,0.4262763342312157,0.0,0.4262763342312157,62,1.0000000000122355,1.0000000000122355,0.0
0.0,0.0,1.0,0.40637415732569293,2,2019-01-03T14:00:00.0,0.40637415732569293,0.0,0.40637415732569293,63,0.9999999999826548,0.9999999999826548,0.0
0.0,0.0,1.0,0.3958609655659094,3,2019-01-03T15:00:00.0,0.3958609655659094,0.0,0.3958609655659094,64,1.0000000000030056,1.0000000000030056,0.0
0.0,0.0,1.0,0.3958609655690911,3,2019-01-03T16:00:00.0,0.3958609655690911,0.0,0.3958609655690911,65,1.0000000000064269,1.0000000000064269,0.0
0.0,0.0,1.0,0.42627633422662997,1,2019-01-03T17:00:00.0,0.42627633422662997,0.0,0.42627633422662997,66,1.000000000001478,1.000000000001478,0.0
0.0,0.0,1.0,0.4262763342340295,1,2019-01-03T18:00:00.0,0.4262763342340295,0.0,0.4262763342340295,67,1.0000000000188365,1.0000000000188365,0.0
0.0,0.0,1.0,0.42627633422703587,1,2019-01-03T19:00:00.0,0.42627633422703587,0.0,0.42627633422703587,68,1.00000000000243,1.00000000000243,0.0
0.0,0.0,1.0,0.42627633425187866,1,2019-01-03T20:00:00.0,0.42627633425187866,0.0,0.42627633425187866,69,1.0000000000607088,1.0000000000607088,0.0
0.0,0.0,1.0,0.4262763342129485,1,2019-01-03T21:00:00.0,0.4262763342129485,0.0,0.4262763342129485,70,0.9999999999693827,0.9999999999693827,0.0
0.0,0.0,1.0,0.42627633422636346,1,2019-01-03T22:00:00.0,0.42627633422636346,0.0,0.42627633422636346,71,1.0000000000008527,1.0000000000008527,0.0
0.0,0.0,1.0,0.4262763342089232,1,2019-01-03T23:00:00.0,0.4262763342089232,0.0,0.4262763342089232,72,0.9999999999599396,0.9999999999599396,0.0
0.0,0.0,1.0,0.4262763342271146,1,2019-01-04T00:00:00.0,0.4262763342271146,0.0,0.4262763342271146,73,1.0000000000026148,1.0000000000026148,0.0
0.0,0.0,1.0,0.42627633422392824,1,2019-01-04T01:00:00.0,0.42627633422392824,0.0,0.42627633422392824,74,0.9999999999951399,0.9999999999951399,0.0
0.0,0.0,1.0,0.4262763342663446,1,2019-01-04T02:00:00.0,0.4262763342663446,0.0,0.4262763342663446,75,1.0000000000946443,1.0000000000946443,0.0
0.0,0.0,1.0,0.42627633421187633,1,2019-01-04T03:00:00.0,0.42627633421187633,0.0,0.42627633421187633,76,0.9999999999668674,0.9999999999668674,0.0
0.0,0.0,1.0,0.42627633420783884,1,2019-01-04T04:00:00.0,0.42627633420783884,0.0,0.42627633420783884,77,0.9999999999573959,0.9999999999573959,0.0
0.0,0.0,1.0,0.4262763342069332,1,2019-01-04T05:00:00.0,0.4262763342069332,0.0,0.4262763342069332,78,0.9999999999552713,0.9999999999552713,0.0
0.0,0.0,1.0,0.42627633421887606,1,2019-01-04T06:00:00.0,0.42627633421887606,0.0,0.42627633421887606,79,0.999999999983288,0.999999999983288,0.0
0.0,0.0,1.0,0.4262763342420803,1,2019-01-04T07:00:00.0,0.4262763342420803,0.0,0.4262763342420803,80,1.0000000000377227,1.0000000000377227,0.0
0.0,0.0,1.0,0.4262763342242856,1,2019-01-04T08:00:00.0,0.4262763342242856,0.0,0.4262763342242856,81,0.9999999999959783,0.9999999999959783,0.0
0.0,0.0,1.0,0.426276334222753,1,2019-01-04T09:00:00.0,0.426276334222753,0.0,0.426276334222753,82,0.999999999992383,0.999999999992383,0.0
-0.27278793522071254,0.0,1.0,0.47878587101224546,3,2019-01-04T10:00:00.0,0.47878587101224546,0.0,0.47878587101224546,83,1.2727879352174156,0.9999999999967031,0.0
-0.2727879352203644,0.0,1.0,0.4787858710174588,3,2019-01-04T11:00:00.0,0.4787858710174588,0.0,0.4787858710174588,84,1.2727879352310225,1.0000000000106581,0.0
-0.27278793521690403,0.0,1.0,0.4787858710159289,3,2019-01-04T12:00:00.0,0.4787858710159289,0.0,0.4787858710159289,85,1.2727879352232847,1.0000000000063807,0.0
0.0,0.0,1.0,0.42627633426307643,1,2019-01-04T13:00:00.0,0.42627633426307643,0.0,0.42627633426307643,86,1.0000000000869775,1.0000000000869775,0.0
0.0,0.0,1.0,0.42627633421974537,1,2019-01-04T14:00:00.0,0.42627633421974537,0.0,0.42627633421974537,87,0.9999999999853273,0.9999999999853273,0.0
0.0,0.0,1.0,0.42627633422937417,1,2019-01-04T15:00:00.0,0.42627633422937417,0.0,0.42627633422937417,88,1.0000000000079154,1.0000000000079154,0.0
-0.22400010225690892,0.0,1.0,0.49411191096200757,3,2019-01-04T16:00:00.0,0.49411191096200757,0.0,0.49411191096200757,89,1.2240001022682954,1.0000000000113864,0.0
-0.22400010226242273,0.0,1.0,0.49411191095479784,3,2019-01-04T17:00:00.0,0.49411191095479784,0.0,0.49411191095479784,90,1.2240001022541591,0.9999999999917364,0.0
-0.22400010225560862,0.0,1.0,0.4941119109511591,3,2019-01-04T18:00:00.0,0.4941119109511591,0.0,0.4941119109511591,91,1.2240001022458404,0.9999999999902318,0.0
-0.22400010226192535,0.0,1.0,0.49411191095992296,3,2019-01-04T19:00:00.0,0.49411191095992296,0.0,0.49411191095992296,92,1.2240001022626448,1.0000000000007194,0.0
-0.23160675769258887,0.0,1.0,0.49709650480886525,3,2019-01-04T20:00:00.0,0.49709650480886525,0.0,0.49709650480886525,93,1.231606757700991,1.0000000000084022,0.0
-0.22400010225227618,0.0,1.0,0.49411191095812523,3,2019-01-04T21:00:00.0,0.49411191095812523,0.0,0.49411191095812523,94,1.2240001022567704,1.0000000000044942,0.0
-0.22400010225341305,0.0,1.0,0.4941119109538685,3,2019-01-04T22:00:00.0,0.4941119109538685,0.0,0.4941119109538685,95,1.2240001022492777,0.9999999999958646,0.0
-0.22400010226064637,0.0,1.0,0.494111910965408,3,2019-01-04T23:00:00.0,0.494111910965408,0.0,0.494111910965408,96,1.2240001022727043,1.000000000012058,0.0
0.0,0.0,1.0,0.43332828655020544,2,2019-01-05T00:00:00.0,0.43332828655020544,0.0,0.43332828655020544,97,1.0000000000043343,1.0000000000043343,0.0
0.0,0.0,1.0,0.4333282865475239,2,2019-01-05T01:00:00.0,0.4333282865475239,0.0,0.4333282865475239,98,0.9999999999991225,0.9999999999991225,0.0
0.0,0.0,1.0,0.4333282865437863,2,2019-01-05T02:00:00.0,0.4333282865437863,0.0,0.4333282865437863,99,0.9999999999907629,0.9999999999907629,0.0
0.0,0.0,1.0,0.4333282865508023,2,2019-01-05T03:00:00.0,0.4333282865508023,0.0,0.4333282865508023,100,1.0000000000038085,1.0000000000038085,0.0
0.0,0.0,1.0,0.43332828654971656,2,2019-01-05T04:00:00.0,0.43332828654971656,0.0,0.43332828654971656,101,1.0000000000018545,1.0000000000018545,0.0
0.0,0.0,1.0,0.43332828654373123,2,2019-01-05T05:00:00.0,0.43332828654373123,0.0,0.43332828654373123,102,0.9999999999908269,0.9999999999908269,0.0
0.0,0.0,1.0,0.4333282865559648,2,2019-01-05T06:00:00.0,0.4333282865559648,0.0,0.4333282865559648,103,1.0000000000139195,1.0000000000139195,0.0
0.0,0.0,1.0,0.4705700292366011,2,2019-01-05T07:00:00.0,0.4705700292366011,0.0,0.4705700292366011,104,1.000000000003943,1.000000000003943,0.0
0.0,0.0,1.0,0.4333282865451353,2,2019-01-05T08:00:00.0,0.4333282865451353,0.0,0.4333282865451353,105,0.9999999999922196,0.9999999999922196,0.0
0.0,0.0,1.0,0.3898815236288563,3,2019-01-05T09:00:00.0,0.3898815236288563,0.0,0.3898815236288563,106,0.9999999999990976,0.9999999999990976,0.0
0.0,0.0,1.0,0.40091800303034775,3,2019-01-05T10:00:00.0,0.40091800303034775,0.0,0.40091800303034775,107,0.9999999999939106,0.9999999999939106,0.0
0.0,0.0,1.0,0.4009180030351309,3,2019-01-05T11:00:00.0,0.4009180030351309,0.0,0.4009180030351309,108,0.9999999999961737,0.9999999999961737,0.0
0.0,0.0,1.0,0.4009180030298783,3,2019-01-05T12:00:00.0,0.4009180030298783,0.0,0.4009180030298783,109,0.9999999999848406,0.9999999999848406,0.0
0.0,0.0,1.0,0.4009180030425965,3,2019-01-05T13:00:00.0,0.4009180030425965,0.0,0.4009180030425965,110,1.0000000000073221,1.0000000000073221,0.0
0.0,0.0,1.0,0.40091800303919445,3,2019-01-05T14:00:00.0,0.40091800303919445,0.0,0.40091800303919445,111,0.9999999999989377,0.9999999999989377,0.0
0.0,0.0,1.0,0.40091800303299313,3,2019-01-05T15:00:00.0,0.40091800303299313,0.0,0.40091800303299313,112,0.9999999999932072,0.9999999999932072,0.0
-0.1890652473251606,0.0,1.0,0.5458452952030958,5,2019-01-05T16:00:00.0,0.5458452952030958,0.0,0.5458452952030958,113,1.1890652473170356,0.9999999999918749,0.0
-0.14780069564023535,0.0,1.0,0.5271158792989435,5,2019-01-05T17:00:00.0,0.5271158792989435,0.0,0.5271158792989435,114,1.1478006956344675,0.9999999999942322,0.0
-0.22400010225757683,0.0,1.0,0.49411191095996665,3,2019-01-05T18:00:00.0,0.49411191095996665,0.0,0.49411191095996665,115,1.2240001022643732,1.0000000000067963,0.0
0.0,0.0,1.0,0.45358035945551073,2,2019-01-05T19:00:00.0,0.45358035945551073,0.0,0.45358035945551073,116,0.9999999999923048,0.9999999999923048,0.0
-0.14780069565043874,0.0,1.0,0.5271158793108283,5,2019-01-05T20:00:00.0,0.5271158793108283,0.0,0.5271158793108283,117,1.1478006956602655,1.0000000000098268,0.0
0.0,0.0,1.0,-1.1332140827745292,4,2019-01-05T21:00:00.0,-1.1332140827745292,0.0,-1.1332140827745292,118,1.0000000000007532,1.0000000000007532,0.0
-0.1465350115306734,0.0,1.0,0.5265414025919025,5,2019-01-05T22:00:00.0,0.5265414025919025,0.0,0.5265414025919025,119,1.146535011541113,1.0000000000104396,0.0
0.0,0.0,1.0,0.4254808017614197,2,2019-01-05T23:00:00.0,0.4254808017614197,0.0,0.4254808017614197,120,0.9999999999932214,0.9999999999932214,0.0
0.0,0.0,1.0,0.393220122872909,3,2019-01-06T00:00:00.0,0.393220122872909,0.0,0.393220122872909,121,1.000000000001755,1.000000000001755,0.0
-0.04147509402364591,0.0,1.0,0.31448751784464796,2,2019-01-06T01:00:00.0,0.31448751784464796,0.0,0.31448751784464796,122,1.0414750940209956,0.9999999999973497,0.0
0.0,0.0,1.0,0.38988152362992035,3,2019-01-06T02:00:00.0,0.38988152362992035,0.0,0.38988152362992035,123,1.0000000000019398,1.0000000000019398,0.0
-0.13827718941404044,0.0,1.0,0.5126397740854047,4,2019-01-06T03:00:00.0,0.5126397740854047,0.0,0.5126397740854047,124,1.1382771894050294,0.999999999990989,0.0
-0.1382771894130883,0.0,1.0,0.5126397740806967,4,2019-01-06T04:00:00.0,0.5126397740806967,0.0,0.5126397740806967,125,1.1382771893945764,0.9999999999814881,0.0
-0.13827718941330858,0.0,1.0,0.5126397740984163,4,2019-01-06T05:00:00.0,0.5126397740984163,0.0,0.5126397740984163,126,1.1382771894339156,1.000000000020607,0.0
0.04527265694581217,0.0,1.0,0.37653502360827135,4,2019-01-06T06:00:00.0,0.37653502360827135,0.0,0.37653502360827135,127,0.954727343060247,1.0000000000060592,0.0
0.11620036398868905,0.0,1.0,0.3909085220792279,4,2019-01-06T07:00:00.0,0.3909085220792279,0.0,0.3909085220792279,128,0.8837996360116946,1.0000000000003837,0.0
-0.2264717180608784,0.0,1.0,0.5523633304242374,4,2019-01-06T08:00:00.0,0.5523633304242374,0.0,0.5523633304242374,129,1.22647171805156,0.9999999999906817,0.0
-0.22647171805898836,0.0,1.0,0.47085526617433826,4,2019-01-06T09:00:00.0,0.47085526617433826,0.0,0.47085526617433826,130,1.2264717180716787,1.0000000000126903,0.0
-0.22647171806384847,0.0,1.0,0.4708552661710399,4,2019-01-06T10:00:00.0,0.4708552661710399,0.0,0.4708552661710399,131,1.2264717180655555,1.000000000001707,0.0
-0.2264717180628537,0.0,1.0,0.4708552661679166,4,2019-01-06T11:00:00.0,0.4708552661679166,0.0,0.4708552661679166,132,1.2264717180576223,0.9999999999947686,0.0
-0.2264717180647864,0.0,1.0,0.4708552661655629,4,2019-01-06T12:00:00.0,0.4708552661655629,0.0,0.4708552661655629,133,1.2264717180542064,0.99999999998942,0.0
-0.0388267873596817,0.0,1.0,0.31368782575988363,2,2019-01-06T13:00:00.0,0.31368782575988363,0.0,0.31368782575988363,134,1.0388267873572659,0.9999999999975842,0.0
-0.2264717180504192,0.0,1.0,0.47085526616328743,4,2019-01-06T14:00:00.0,0.47085526616328743,0.0,0.47085526616328743,135,1.226471718044552,0.9999999999941327,0.0
-0.22647171806108446,0.0,1.0,0.4708552661703132,4,2019-01-06T15:00:00.0,0.4708552661703132,0.0,0.4708552661703132,136,1.2264717180623688,1.0000000000012843,0.0
-0.2240870305714111,0.0,1.0,0.5744813736030749,3,2019-01-06T16:00:00.0,0.5744813736030749,0.0,0.5744813736030749,137,1.2240870305713627,0.9999999999999516,0.0
-0.22408703057589463,0.0,1.0,0.57448137360777,3,2019-01-06T17:00:00.0,0.57448137360777,0.0,0.57448137360777,138,1.2240870305813787,1.000000000005484,0.0
-0.2240870305715177,0.0,1.0,0.5744813736053188,3,2019-01-06T18:00:00.0,0.5744813736053188,0.0,0.5744813736053188,139,1.2240870305740938,1.0000000000025762,0.0
-0.22408703057200796,0.0,1.0,0.5744813735998648,3,2019-01-06T19:00:00.0,0.5744813735998648,0.0,0.5744813735998648,140,1.2240870305657552,0.9999999999937472,0.0
0.04515489981955767,0.0,1.0,0.3883175932841701,4,2019-01-06T20:00:00.0,0.3883175932841701,0.0,0.3883175932841701,141,0.9548451001735323,0.99999999999309,0.0
0.045154899818321326,0.0,1.0,0.38831759328015675,4,2019-01-06T21:00:00.0,0.38831759328015675,0.0,0.38831759328015675,142,0.9548451001749676,0.9999999999932889,0.0
-0.22408703056618862,0.0,1.0,0.5744813736008324,3,2019-01-06T22:00:00.0,0.5744813736008324,0.0,0.5744813736008324,143,1.2240870305665879,1.0000000000003992,0.0
-0.13827718940014222,0.0,1.0,0.5576120399065435,4,2019-01-06T23:00:00.0,0.5576120399065435,0.0,0.5576120399065435,144,1.1382771894502985,1.0000000000501563,0.0
-0.22400010226010636,0.0,1.0,0.4941119109546337,3,2019-01-07T00:00:00.0,0.4941119109546337,0.0,0.4941119109546337,145,1.2240001022543439,0.9999999999942375,0.0
-0.22400010226004952,0.0,1.0,0.49411191095432305,3,2019-01-07T01:00:00.0,0.49411191095432305,0.0,0.49411191095432305,146,1.2240001022523685,0.999999999992319,0.0
-0.22400010225862843,0.0,1.0,0.49411191095816,3,2019-01-07T02:00:00.0,0.49411191095816,0.0,0.49411191095816,147,1.2240001022584224,0.9999999999997939,0.0
0.0,0.0,1.0,0.43892634577977596,3,2019-01-07T03:00:00.0,0.43892634577977596,0.0,0.43892634577977596,148,0.9999999999899645,0.9999999999899645,0.0
0.0,0.0,1.0,0.4254808017645616,2,2019-01-07T04:00:00.0,0.4254808017645616,0.0,0.4254808017645616,149,0.9999999999968594,0.9999999999968594,0.0
0.0,0.0,1.0,0.45358035945522995,2,2019-01-07T05:00:00.0,0.45358035945522995,0.0,0.45358035945522995,150,0.9999999999960707,0.9999999999960707,0.0
-0.23187169806475083,0.0,1.0,0.4834937452312754,3,2019-01-07T06:00:00.0,0.4834937452312754,0.0,0.4834937452312754,151,1.231871698057276,0.9999999999925251,0.0
-0.22400010226071743,0.0,1.0,0.5745376564245805,3,2019-01-07T07:00:00.0,0.5745376564245805,0.0,0.5745376564245805,152,1.2240001022428473,0.9999999999821299,0.0
0.0,0.0,1.0,0.4708010585689526,3,2019-01-07T08:00:00.0,0.4708010585689526,0.0,0.4708010585689526,153,1.0000000000033538,1.0000000000033538,0.0
0.0,0.0,1.0,0.4616345588005847,3,2019-01-07T09:00:00.0,0.4616345588005847,0.0,0.4616345588005847,154,1.000000000009253,1.000000000009253,0.0
0.0,0.0,1.0,0.47057002923984037,2,2019-01-07T10:00:00.0,0.47057002923984037,0.0,0.47057002923984037,155,1.0000000000085043,1.0000000000085043,0.0
-0.12638369875723754,0.0,1.0,0.5177114333411312,4,2019-01-07T11:00:00.0,0.5177114333411312,0.0,0.5177114333411312,156,1.1263836987477926,0.9999999999905551,0.0
-0.1263836987579836,0.0,1.0,0.5177114333413253,4,2019-01-07T12:00:00.0,0.5177114333413253,0.0,0.5177114333413253,157,1.1263836987540916,0.999999999996108,0.0
-0.12638369875741517,0.0,1.0,0.5177114333488133,4,2019-01-07T13:00:00.0,0.5177114333488133,0.0,0.5177114333488133,158,1.126383698764343,1.0000000000069278,0.0
-0.12638369875464406,0.0,1.0,0.5177114333491027,4,2019-01-07T14:00:00.0,0.5177114333491027,0.0,0.5177114333491027,159,1.1263836987623232,1.0000000000076792,0.0
0.0,0.0,1.0,0.4708010585555449,3,2019-01-07T15:00:00.0,0.4708010585555449,0.0,0.4708010585555449,160,0.9999999999734079,0.9999999999734079,0.0
-0.2240001022575413,0.0,1.0,0.5745376564262636,3,2019-01-07T16:00:00.0,0.5745376564262636,0.0,0.5745376564262636,161,1.2240001022440197,0.9999999999864784,0.0
