,Billing Organization,   Station        Unit,Zone,PTID,       Town,Cnty,St,YYYY-MM-DD,Rating,CRISSUM,CRISWIN,CapacitySUM,CapacityWIN,DUAL,UnitType,FuelType,2,2024Energy(GWh)
R1001,Jamestown Board of Public Utilities,Jamestown 5,A,1658,Jamestown,013,36,1951-08-01,28.7,23.0,23.0,19.0,21.2,YES,ST,NG,FO2,1.0
R1002,Jamestown Board of Public Utilities,Jamestown 6,A,1658,Jamestown,013,36,1968-08-01,25.0,22.4,22.4,16.5,18.4,YES,ST,NG,FO2,4.2
R1003,Jamestown Board of Public Utilities,Jamestown 7,A,1659,Jamestown,013,36,2002-01-01,47.3,40.0,40.0,39.2,45.2,,GT,NG,,28.3
R1004,New York Power Authority,Lewiston PS (Fleet),A,23760,Niagara Falls,063,36,1961-01-01,240.0,240.0,240.0,240.0,240.0,,PS,WAT,,-238.4
R1005,New York Power Authority,Moses Niagara (Fleet),A,23760,Niagara Falls,063,36,1961-01-01,"2,860.0","2,460.0","2,460.0","2,435.0","2,435.0",,HY,WAT,,"15,585.1"
R1006,Indeck-Yerkes LP,Indeck-Yerkes,A,23781,Tonawanda,029,36,1990-02-01,59.9,49.7,60.5,43.1,53.8,YES,CC,NG,FO2,20.9
R1007,Erie Blvd. Hydro - NYS Barge,Hydraulic Race,A,23848,Lockport,063,36,1942-01-01,4.7,3.1,3.1,4.7,4.7,,HY,WAT,,7.6
R1008,Indeck-Olean LP,Indeck-Olean,A,23982,Olean,009,36,1993-12-01,90.6,79.4,88.5,79.0,86.0,YES,CC,NG,FO2,34.5
R1009,"Covanta Niagara, LP",American Ref-Fuel 1,A,24010,Niagara,063,36,1993-05-01,25.0,19.6,19.6,18.8,19.1,,ST,REF,,261.6
R1010,"Covanta Niagara, LP",American Ref-Fuel 2,A,24010,Niagara,063,36,1993-05-01,25.0,19.6,19.6,18.8,19.0,,ST,REF,,
R1011,Model City Energy LLC,Model City Energy,A,24167,Lewiston,063,36,2001-06-01,5.6,5.6,5.6,5.6,5.6,,IC,MTE,,23.8
R1012,"Modern Innovative Energy, LLC",Modern LF,A,323580,Lewiston,063,36,2006-02-01,6.4,6.4,6.4,6.4,6.4,,IC,MTE,,24.7
R1013,"Niagara Wind Power, LLC",Steel Wind,A,323596,Lackawanna,029,36,2007-01-23,20.0,0.0,0.0,0.0,0.0,,WT,LBW,,54.9
R1014,"WM Renewable Energy,LLC",Chaffee,A,323603,Chaffee,029,36,2007-08-09,6.4,6.4,6.4,6.4,6.4,,IC,MTE,,4.5
R1015,"Valcour Bliss Windpark, LLC",Bliss Wind Power,A,323608,Bliss,121,36,2008-03-20,100.5,100.5,100.5,100.5,100.5,,WT,LBW,,171.7
R1016,Castleton Commodities Energy Services LLC,Chautauqua LFGE,A,323629,Jamestown,013,36,2010-02-12,9.6,0.0,0.0,0.0,0.0,,IC,MTE,,0.0
R1017,"Erie Wind, LLC",Erie Wind,A,323693,Lackawanna,029,36,2012-02-01,15.0,0.0,0.0,0.0,0.0,,WT,LBW,,41.3
R1018,Arkwright Summit Wind Farm LLC,Arkwright Summit Wind Farm,A,323751,Arkwright,013,36,2018-09-01,78.4,78.4,78.4,78.4,78.4,,WT,LBW,,230.3
R1019,Lockport Energy Assoc.,Lockport CC1,A,323769,Lockport,063,36,1992-07-01,73.8,75.1,87.3,70.0,74.5,YES,CC,NG,FO2,186.9
R1020,Lockport Energy Assoc.,Lockport CC2,A,323770,Lockport,063,36,1992-07-01,73.8,75.1,87.2,70.0,74.5,YES,CC,NG,FO2,
R1021,Lockport Energy Assoc.,Lockport CC3,A,323771,Lockport,063,36,1992-07-01,73.8,75.0,87.2,70.0,74.5,YES,CC,NG,FO2,
R1022,"Cassadaga Wind, LLC",Cassadaga Wind,A,323784,Charlotte,013,36,2021-04-01,126.5,126.0,126.0,0.0,0.0,,WT,LBW,,214.9
R1023,Orangeville Energy Storage LLC,Orangeville ESR,A,323794,Orangeville,121,36,2021-10-19,20.0,0.0,0.0,0.0,0.0,,ES,BAT,,-3.0
R1024,Galt Power Inc.,KCE NY 6,A,323823,Hamburg,029,36,2023-07-01,20.0,20.0,20.0,17.0,20.0,,ES,BAT,,-4.6
R1025,"Ball Hill Wind Energy, LLC",Ball Hill Wind,A,323825,Hanover,013,36,2024-02-01,107.5,100.0,100.0,107.5,107.5,,WT,LBW,,244.9
R1026,"World Generation X, LLC",Fortistar - N.Tonawanda (BTM:NG),A,323836,N Tonawanda,029,36,1993-06-01,68.5,59.0,75.0,46.5,60.1,YES,CC,NG,FO2,66.8
R1027,"Seneca Power Partners, L.P.",Allegany,B,23514,Hume,003,36,1995-03-01,67.0,62.9,82.2,62.7,63.3,,CC,NG,,15.5
R1028,"R.E. Ginna Nuclear Power Plant, LLC",R. E. Ginna,B,23603,Ontario,117,36,1970-07-01,614.0,582.0,582.0,578.8,581.1,,NP,UR,,"4,799.1"
R1029,Rochester Gas and Electric Corp.,Station 2  1,B,23604,Rochester,055,36,1913-07-01,8.5,6.5,6.5,8.5,8.5,,HY,WAT,,5.0
R1030,Rochester Gas and Electric Corp.,Station 26  1,B,23604,Rochester,055,36,1952-08-01,3.0,3.0,3.0,3.0,3.0,,HY,WAT,,
R1031,Rochester Gas and Electric Corp.,Station 5  1,B,23604,Rochester,055,36,1918-07-01,14.0,11.8,11.8,14.0,14.0,,HY,WAT,,
R1032,Rochester Gas and Electric Corp.,Station 5  2,B,23604,Rochester,055,36,1918-07-01,13.6,11.8,11.8,13.6,13.6,,HY,WAT,,
R1033,Rochester Gas and Electric Corp.,Station 5  3,B,23604,Rochester,055,36,1918-07-01,18.0,16.5,16.5,18.0,18.0,,HY,WAT,,
R1034,"Seneca Power Partners, L.P.",Batavia,B,24024,Batavia,037,36,1992-06-01,67.3,57.1,71.7,47.5,58.4,,CC,NG,,3.4
R1035,Erie Blvd. Hydro - Oak Orchard,Glenwood 1,B,24046,Medina,073,36,1950-01-01,0.5,0.5,0.5,0.5,0.5,,HY,WAT,,1.9
R1036,Erie Blvd. Hydro - Oak Orchard,Glenwood 2,B,24046,Medina,073,36,1950-01-01,0.5,0.5,0.5,0.5,0.5,,HY,WAT,,2.0
R1037,Erie Blvd. Hydro - Oak Orchard,Glenwood 3,B,24046,Medina,073,36,1950-01-01,0.5,0.5,0.5,0.5,0.5,,HY,WAT,,2.2
R1038,Erie Blvd. Hydro - Oak Orchard,Oak Orchard,B,24046,Waterport,073,36,1941-01-01,0.4,0.3,0.3,0.4,0.4,,HY,WAT,,1.0
R1039,Erie Blvd. Hydro - Oak Orchard,Waterport 1,B,24046,Waterport,073,36,1941-01-01,2.3,1.6,1.6,2.3,2.3,,HY,WAT,,8.7
R1040,Erie Blvd. Hydro - Oak Orchard,Waterport 2,B,24046,Waterport,073,36,1968-01-01,2.5,1.8,1.8,2.5,2.5,,HY,WAT,,3.7
R1041,"WM Renewable Energy,LLC",Mill Seat,B,323607,Riga,055,36,2007-07-20,6.4,6.4,6.4,6.4,6.4,,IC,MTE,,3.2
R1042,"Innovative Energy Systems, Inc.",Hyland LFGE,B,323620,Angelica,003,36,2008-09-08,4.8,4.8,4.8,4.8,4.8,,IC,MTE,,20.9
R1043,Galt Power Inc.,Synergy Biogas,B,323694,Wyoming,121,36,2012-09-01,2.0,0.0,0.0,0.0,0.0,,IC,MTE,,3.9
R1044,"RED-Rochester, LLC",Red Rochester (BTM:NG),B,323720,Rochester,055,36,2021-04-05,117.0,16.5,16.5,16.5,6.6,YES,ST,NG,FO2,3.3
R1045,New York State Elec. & Gas Corp.,Allegheny 8,C,23528,Kittanning PA,005,42,1990-10-01,16.0,14.7,14.7,13.3,13.3,,HY,WAT,,158.7
R1046,New York State Elec. & Gas Corp.,Allegheny 9,C,23528,Kittanning PA,005,42,1990-10-01,22.0,20.2,20.2,18.2,18.2,,HY,WAT,,
R1047,"Nine Mile Point Nuclear Station, LLC",Nine Mile Point 1,C,23575,Scriba,075,36,1969-11-01,641.8,630.5,630.5,619.7,634.4,,NB,UR,,"5,251.6"
R1048,"Nine Mile Point Nuclear Station, LLC",Nine Mile Point 2,C,23744,Scriba,075,36,1988-08-01,"1,399.0","1,310.0","1,310.0","1,283.4","1,291.8",,NB,UR,,"10,232.6"
R1049,Emera Energy Services Subsidiary No. 3 LLC,Greenidge 4 (BTM:NG),C,23583,Torrey,123,36,1953-12-01,112.5,106.3,106.3,29.8,24.1,,ST,NG,WD,172.6
R1050,"Constellation Energy Generation, LLC",James A. FitzPatrick,C,23598,Scriba,075,36,1975-07-01,882.0,858.9,858.9,844.0,854.5,,NB,UR,,"6,789.7"
R1051,"Oswego Harbor Power, LLC",Oswego 5,C,23606,Oswego,075,36,1976-02-01,901.8,850.3,850.3,820.5,818.6,,ST,FO6,,23.0
R1052,"Oswego Harbor Power, LLC",Oswego 6,C,23613,Oswego,075,36,1980-07-01,901.8,835.2,835.2,791.7,803.7,YES,ST,FO6,NG,12.6
R1053,"WM Renewable Energy,LLC",High Acres,C,23767,Fairport,117,36,1991-06-01,9.6,9.6,9.6,9.6,9.6,,IC,MTE,,2.0
R1054,Indeck Energy Services of Silver Springs,Indeck-Silver Springs,C,23768,Silver Springs,121,36,1991-04-01,56.6,51.5,66.1,52.7,59.6,YES,CC,NG,FO2,59.4
R1055,Indeck-Oswego LP,Indeck-Oswego,C,23783,Oswego,075,36,1990-05-01,57.4,51.6,66.7,51.9,59.0,YES,CC,NG,FO2,49.9
R1056,"Seneca Energy II, LLC",Seneca Energy 1,C,23797,Seneca Falls,099,36,1996-03-01,8.8,8.8,8.8,8.8,8.8,,IC,MTE,,22.4
R1057,"Seneca Energy II, LLC",Seneca Energy 2,C,23797,Seneca Falls,099,36,1997-08-01,8.8,8.8,8.8,8.8,8.8,,IC,MTE,,
R1058,"Seneca Energy II, LLC",Ontario LFGE,C,23819,Canandaigua,069,36,2003-12-01,11.2,11.2,11.2,11.2,11.2,,IC,MTE,,37.8
R1059,"SBF New York, L.L.C.",Syracuse,C,23985,Syracuse,067,36,1993-09-01,102.7,88.8,109.3,86.2,101.9,YES,CC,NG,FO2,16.1
R1060,Erie Blvd. Hydro - Seneca Oswego,Baldwinsville 1,C,24041,Baldwinsville,067,36,1927-01-01,0.3,0.2,0.2,0.3,0.3,,HY,WAT,,0.8
R1061,Erie Blvd. Hydro - Seneca Oswego,Baldwinsville 2,C,24041,Baldwinsville,067,36,1927-01-01,0.3,0.2,0.2,0.3,0.3,,HY,WAT,,1.3
R1062,Erie Blvd. Hydro - Seneca Oswego,Fulton 1,C,24041,Fulton,075,36,1924-01-01,0.8,0.8,0.8,0.8,0.8,,HY,WAT,,2.6
R1063,Erie Blvd. Hydro - Seneca Oswego,Fulton 2,C,24041,Fulton,075,36,1928-01-01,0.5,0.4,0.4,0.5,0.5,,HY,WAT,,3.1
R1064,Erie Blvd. Hydro - Seneca Oswego,Granby 1,C,24041,Granby,075,36,1983-05-01,5.0,5.1,5.1,5.0,5.0,,HY,WAT,,18.0
R1065,Erie Blvd. Hydro - Seneca Oswego,Granby 2,C,24041,Granby,075,36,1983-05-01,5.0,5.1,5.1,5.0,5.0,,HY,WAT,,18.0
R1066,Erie Blvd. Hydro - Seneca Oswego,Minetto 2,C,24041,Minetto,075,36,1915-01-01,1.6,1.5,1.5,1.6,1.6,,HY,WAT,,6.9
R1067,Erie Blvd. Hydro - Seneca Oswego,Minetto 3,C,24041,Minetto,075,36,1915-01-01,1.6,1.5,1.5,1.6,1.6,,HY,WAT,,7.4
R1068,Erie Blvd. Hydro - Seneca Oswego,Minetto 4,C,24041,Minetto,075,36,1915-01-01,1.6,1.5,1.5,1.6,1.6,,HY,WAT,,6.5
R1069,Erie Blvd. Hydro - Seneca Oswego,Minetto 5,C,24041,Minetto,075,36,1975-01-01,1.6,1.5,1.5,1.6,1.6,,HY,WAT,,5.9
R1070,Erie Blvd. Hydro - Seneca Oswego,Minetto 6,C,24041,Minetto,075,36,1975-01-01,1.6,1.5,1.5,1.6,1.6,,HY,WAT,,6.5
R1071,Erie Blvd. Hydro - Seneca Oswego,Oswego Falls E 1,C,24041,Oswego,075,36,1914-01-01,1.5,1.5,1.5,1.5,1.5,,HY,WAT,,9.1
R1072,Erie Blvd. Hydro - Seneca Oswego,Oswego Falls E 2,C,24041,Oswego,075,36,1914-01-01,1.5,1.5,1.5,1.5,1.5,,HY,WAT,,6.8
R1073,Erie Blvd. Hydro - Seneca Oswego,Oswego Falls E 3,C,24041,Oswego,075,36,1914-01-01,1.5,1.5,1.5,1.5,1.5,,HY,WAT,,7.0
R1074,Erie Blvd. Hydro - Seneca Oswego,Oswego Falls W 4,C,24041,Oswego,075,36,1914-01-01,0.9,1.0,1.0,0.9,0.9,,HY,WAT,,1.6
R1075,Erie Blvd. Hydro - Seneca Oswego,Oswego Falls W 5,C,24041,Oswego,075,36,1914-01-01,0.9,1.0,1.0,0.9,0.9,,HY,WAT,,2.2
R1076,Erie Blvd. Hydro - Seneca Oswego,Oswego Falls W 6,C,24041,Oswego,075,36,2007-01-01,0.5,0.5,0.5,0.5,0.5,,HY,WAT,,2.4
R1077,Erie Blvd. Hydro - Seneca Oswego,Oswego Falls W 7,C,24041,Oswego,075,36,2007-01-01,0.5,0.5,0.5,0.5,0.5,,HY,WAT,,2.0
R1078,Erie Blvd. Hydro - Seneca Oswego,Varick 2,C,24041,Oswego,075,36,1926-01-01,2.2,1.9,1.9,2.2,2.2,,HY,WAT,,6.8
R1079,Erie Blvd. Hydro - Seneca Oswego,Varick 3,C,24041,Oswego,075,36,1926-01-01,2.2,2.1,2.1,2.2,2.2,,HY,WAT,,7.1
R1080,Erie Blvd. Hydro - Seneca Oswego,Varick 4,C,24041,Oswego,075,36,1926-01-01,2.2,1.9,1.9,2.2,2.2,,HY,WAT,,2.9
R1081,Erie Blvd. Hydro - Seneca Oswego,Varick 5,C,24041,Oswego,075,36,1926-01-01,2.2,1.9,1.9,2.2,2.2,,HY,WAT,,5.6
R1082,Erie Blvd. Hydro - South Salmon,Bennetts Bridge 1,C,24043,Altmar,075,36,1964-01-01,6.4,7.0,7.0,6.4,6.4,,HY,WAT,,13.1
R1083,Erie Blvd. Hydro - South Salmon,Bennetts Bridge 2,C,24043,Altmar,075,36,1966-01-01,6.4,7.0,7.0,6.4,6.4,,HY,WAT,,23.6
R1084,Erie Blvd. Hydro - South Salmon,Bennetts Bridge 3,C,24043,Altmar,075,36,1970-01-01,7.0,7.7,7.7,7.0,7.0,,HY,WAT,,27.2
R1085,Erie Blvd. Hydro - South Salmon,Bennetts Bridge 4,C,24043,Altmar,075,36,1970-01-01,7.0,7.7,7.7,7.0,7.0,,HY,WAT,,30.7
R1086,Erie Blvd. Hydro - South Salmon,Lighthouse Hill 1,C,24043,Altmar,075,36,1930-01-01,3.8,4.1,4.1,3.8,3.8,,HY,WAT,,15.2
R1087,Erie Blvd. Hydro - South Salmon,Lighthouse Hill 2,C,24043,Altmar,075,36,1930-01-01,3.8,4.1,4.1,3.8,3.8,,HY,WAT,,8.2
R1088,Carr Street Generating Station LP,Carr St.-E. Syr,C,24060,Dewitt,067,36,1993-08-01,122.6,89.0,116.8,89.6,103.8,YES,CC,NG,FO2,90.9
R1089,"Dynegy Marketing and Trade, LLC",Independence GS1,C,24169,Scriba,075,36,1994-11-01,313.5,253.2,303.0,249.1,299.0,,CC,NG,,"6,183.0"
R1090,"Dynegy Marketing and Trade, LLC",Independence GS2,C,24170,Scriba,075,36,1994-11-01,313.5,253.2,302.9,249.1,299.0,,CC,NG,,
R1091,"Dynegy Marketing and Trade, LLC",Independence GS3,C,24171,Scriba,075,36,1994-11-01,313.5,253.3,303.0,249.1,299.0,,CC,NG,,
R1092,"Dynegy Marketing and Trade, LLC",Independence GS4,C,24172,Scriba,075,36,1994-11-01,313.5,253.2,302.8,249.1,299.0,,CC,NG,,
R1093,Canastota Windpower LLC,Fenner Wind Power,C,24204,Fenner,053,36,2001-12-01,30.0,30.0,30.0,0.0,0.0,,WT,LBW,,64.4
R1094,"Broome Energy Resources, LLC",Broome LFGE,C,323600,Binghamton,007,36,2007-09-01,2.4,2.1,2.1,2.4,2.4,,IC,MTE,,14.8
R1095,"Canandaigua Power Partners, LLC",Canandaigua Wind Power,C,323617,Avoca,101,36,2008-12-05,125.0,125.0,125.0,125.0,125.0,,WT,LBW,,290.8
R1096,Sheldon Energy LLC,High Sheldon Wind Farm,C,323625,Sheldon,121,36,2009-02-01,118.1,112.5,112.5,118.1,118.1,,WT,LBW,,201.5
R1097,"Valcour Wethersfield Windpark, LLC",Wethersfield Wind Power,C,323626,Wethersfield,121,36,2008-12-11,126.0,126.0,126.0,126.0,126.0,,WT,LBW,,218.5
R1098,"Broome Energy Resources, LLC",Broome 2 LFGE,C,323671,Binghamton,007,36,2013-01-31,2.1,2.0,2.0,2.1,2.1,,IC,MTE,,13.6
R1099,Howard Wind LLC,Howard Wind,C,323690,Howard,101,36,2011-12-01,55.4,57.4,57.4,55.4,55.4,,WT,LBW,,109.1
R1100,Stony Creek Energy LLC,Orangeville Wind Farm,C,323706,Orangeville,121,36,2013-12-01,93.9,94.4,94.4,93.9,93.9,,WT,LBW,,244.6
R1101,Marsh Hill Energy LLC,Marsh Hill Wind Farm,C,323713,Jasper,101,36,2014-12-01,16.2,0.0,0.0,0.0,0.0,,WT,LBW,,45.1
R1102,Niagara Mohawk Power Corp.,East Pulaski ESR ,C,323781,Oswego,075,36,2019-05-01,2.0,0.0,0.0,0.0,0.0,,ES,BAT,,0.0
R1103,Galt Power Inc.,Puckett Solar,C,323809,Greene,017,36,2022-09-27,20.0,20.0,20.0,20.0,20.0,,PV,SUN,,31.6
R1104,Galt Power Inc.,Janis Solar,C,323808,Willet,023,36,2023-02-23,20.0,20.0,20.0,20.0,20.0,,PV,SUN,,32.2
R1105,"NextEra Energy Marketing, LLC",Eight Point Wind,C,323820,Greenwood,101,36,2023-02-08,111.2,101.2,101.2,111.2,111.2,,WT,LBW,,264.1
R1106,"Baron Winds, LLC",Baron Winds,C,323822,Cohocton,101,36,2023-02-07,238.4,300.0,300.0,121.8,121.8,,WT,LBW,,344.7
R1107,Galt Power Inc.,Morris Ridge Solar,C,323848,Mt Morris,051,36,2024-09-19,179.0,179.0,179.0,179.0,179.0,,PV,SUN,,
R1108,New York Power Authority,St Lawrence - FDR (Fleet),D,23600,Massena,089,36,1958-07-01,"1,088.0",856.0,856.0,856.0,810.0,,HY,WAT,,"7,355.0"
R1109,New York State Elec. & Gas Corp.,Cadyville 1,D,23628,Schuyler Falls,019,36,1921-08-01,1.2,1.0,1.0,1.2,1.2,,HY,WAT,,126.9
R1110,New York State Elec. & Gas Corp.,Cadyville 2,D,23628,Schuyler Falls,019,36,1921-08-01,1.2,1.0,1.0,1.2,1.2,,HY,WAT,,
R1111,New York State Elec. & Gas Corp.,Cadyville 3,D,23628,Schuyler Falls,019,36,1986-09-01,3.1,2.7,2.7,3.1,3.1,,HY,WAT,,
R1112,New York State Elec. & Gas Corp.,High Falls  1,D,23628,Saranac,019,36,1948-08-01,4.0,4.3,4.3,4.0,4.0,,HY,WAT,,
R1113,New York State Elec. & Gas Corp.,High Falls  2,D,23628,Saranac,019,36,1949-08-01,4.0,4.3,4.3,4.0,4.0,,HY,WAT,,
R1114,New York State Elec. & Gas Corp.,High Falls  3,D,23628,Saranac,019,36,1956-08-01,7.0,8.2,8.2,7.0,7.0,,HY,WAT,,
R1115,New York State Elec. & Gas Corp.,Kent Falls 1,D,23628,Schuyler Falls,019,36,1928-08-01,3.6,3.0,3.0,3.6,3.6,,HY,WAT,,
R1116,New York State Elec. & Gas Corp.,Kent Falls 2,D,23628,Schuyler Falls,019,36,1928-08-01,3.6,3.0,3.0,3.6,3.6,,HY,WAT,,
R1117,New York State Elec. & Gas Corp.,Kent Falls 3,D,23628,Schuyler Falls,019,36,1985-07-01,6.4,6.0,6.0,6.4,6.4,,HY,WAT,,
R1118,New York State Elec. & Gas Corp.,Mill C 1,D,23628,Plattsburgh,019,36,1944-08-01,1.0,0.9,0.9,1.0,1.0,,HY,WAT,,
R1119,New York State Elec. & Gas Corp.,Mill C 2,D,23628,Plattsburgh,019,36,1943-08-01,1.2,1.2,1.2,1.2,1.2,,HY,WAT,,
R1120,New York State Elec. & Gas Corp.,Mill C 3,D,23628,Plattsburgh,019,36,1984-11-01,3.8,3.7,3.7,3.8,3.8,,HY,WAT,,
R1121,New York State Elec. & Gas Corp.,Rainbow Falls 1,D,23628,Ausable,019,36,1926-08-01,1.3,1.5,1.5,1.3,1.3,,HY,WAT,,
R1122,New York State Elec. & Gas Corp.,Rainbow Falls 2,D,23628,Ausable,019,36,1927-08-01,1.3,1.5,1.5,1.3,1.3,,HY,WAT,,
R1123,"Seneca Power Partners, L.P.",Massena,D,23902,Massena,089,36,1992-07-01,102.1,82.2,107.9,79.5,92.3,YES,CC,NG,FO2,12.2
R1124,Erie Blvd. Hydro - North Salmon,Allens Falls,D,24042,Allens Falls,089,36,1927-01-01,4.4,5.0,5.0,4.4,4.4,,HY,WAT,,29.5
R1125,Erie Blvd. Hydro - North Salmon,Chasm 1,D,24042,Chateaugay,033,36,1913-01-01,1.0,1.1,1.1,1.0,1.0,,HY,WAT,,8.2
R1126,Erie Blvd. Hydro - North Salmon,Chasm 2,D,24042,Chateaugay,033,36,1913-01-01,1.0,1.1,1.1,1.0,1.0,,HY,WAT,,9.1
R1127,Erie Blvd. Hydro - North Salmon,Chasm 3,D,24042,Chateaugay,033,36,1926-01-01,1.4,1.6,1.6,1.4,1.4,,HY,WAT,,10.3
R1128,Erie Blvd. Hydro - North Salmon,Franklin 1,D,24042,Franklin,033,36,1911-01-01,1.1,1.1,1.1,1.1,1.1,,HY,WAT,,5.8
R1129,Erie Blvd. Hydro - North Salmon,Franklin 2,D,24042,Franklin,033,36,1926-01-01,1.1,1.1,1.1,1.1,1.1,,HY,WAT,,6.3
R1130,Erie Blvd. Hydro - North Salmon,Macomb,D,24042,Malone,033,36,1940-01-01,1.0,1.1,1.1,1.0,1.0,,HY,WAT,,7.6
R1131,Erie Blvd. Hydro - North Salmon,Parishville,D,24042,Parishville,089,36,1925-01-01,2.4,2.4,2.4,2.4,2.4,,HY,WAT,,15.7
R1132,Erie Blvd. Hydro - North Salmon,Piercefield 1,D,24042,Piercefield,089,36,1957-01-01,1.5,1.6,1.6,1.5,1.5,,HY,WAT,,9.4
R1133,Erie Blvd. Hydro - North Salmon,Piercefield 2,D,24042,Piercefield,089,36,1924-01-01,0.6,0.6,0.6,0.6,0.6,,HY,WAT,,0.7
R1134,Erie Blvd. Hydro - North Salmon,Piercefield 3,D,24042,Piercefield,089,36,1924-01-01,0.6,0.6,0.6,0.6,0.6,,HY,WAT,,3.7
R1135,"Valcour Ellenburg Windapark,LLC",Ellenburg Wind Power,D,323604,Ellenburg,019,36,2008-03-31,81.0,81.0,81.0,81.0,81.0,,WT,LBW,,143.1
R1136,"Valcour Clinton Windpark,LLC",Clinton Wind Power,D,323605,Clinton,019,36,2008-04-09,100.5,100.5,100.5,100.5,100.5,,WT,LBW,,149.0
R1137,"Valcour Altona Windpark, LLC",Altona Wind Power,D,323606,Altona,019,36,2008-09-23,97.5,97.5,97.5,97.5,97.5,,WT,LBW,,158.0
R1138,"Valcour  Chateaugay Windpark, LLC",Chateaugay Wind Power,D,323614,Chateaugay,033,36,2008-10-07,106.5,106.5,106.5,106.5,106.5,,WT,LBW,,170.6
R1139,"Innovative Energy Systems, Inc.",Clinton LFGE,D,323618,Morrisonville,019,36,2008-10-01,6.4,6.4,6.4,6.4,6.4,,IC,MTE,,47.8
R1140,Marble River LLC,Marble River Wind,D,323696,Ellenburg,019,36,2012-07-01,215.2,215.2,215.2,215.2,215.2,,WT,LBW,,388.4
R1141,Jericho Rise Wind Farm LLC,Jericho Rise Wind Farm,D,323719,Chateaugay,033,36,2016-12-01,77.7,77.7,77.7,77.7,77.7,,WT,LBW,,208.1
R1142,New York Power Authority,North Country ESR,D,323785,Chateaugay,033,36,2023-02-01,20.0,0.0,0.0,0.0,0.0,,ES,BAT,,-1.2
R1143,"Saranac Power Partners ,L.P",Saranac Energy CC1,D,323796,Plattsburgh,019,36,1994-06-01,142.8,126.9,149.2,122.1,136.1,,CC,NG,,175.2
R1144,"Saranac Power Partners ,L.P",Saranac Energy CC2,D,323797,Plattsburgh,019,36,1994-06-01,142.8,126.8,149.2,117.3,136.1,,CC,NG,,
R1145,"Northbrook Lyons Falls, LLC",Lyons Falls Hydro (BTM:NG),E,23570,Lyons Falls,049,36,1986-01-01,8.6,0.0,0.0,0.0,0.0,,HY,WAT,,28.9
R1146,New York Power Authority,Jarvis 1,E,23743,Hinckley,065,36,1991-07-01,4.5,4.5,4.5,4.5,4.5,,HY,WAT,,13.3
R1147,New York Power Authority,Jarvis 2,E,23743,Hinckley,065,36,1991-07-01,4.5,4.5,4.5,4.5,4.5,,HY,WAT,,9.3
R1148,"Seneca Power Partners, L.P.",Sterling,E,23777,Sherrill,065,36,1991-06-01,65.3,57.4,72.1,48.4,61.3,,CC,NG,,3.7
R1149,"Black River Hydroelectric, LLC",Glen Park Hydro,E,23778,Glen Park,045,36,1986-01-01,32.6,40.4,40.4,32.6,32.6,,HY,WAT,,141.6
R1150,"Seneca Power Partners, L.P.",Carthage Energy,E,23857,Carthage,045,36,1991-08-01,62.9,59.0,70.6,52.8,64.1,YES,CC,NG,FO2,3.3
R1151,"SBF New York, L.L.C.",Beaver Falls,E,23983,Beaver Falls,049,36,1995-03-01,107.8,80.2,94.9,79.7,90.4,YES,CC,NG,FO2,7.9
R1152,Erie Blvd. Hydro - Oswegatchie,Browns Falls 1,E,24044,Oswegatchie,089,36,1923-01-01,7.5,8.0,8.0,7.5,7.5,,HY,WAT,,28.3
R1153,Erie Blvd. Hydro - Oswegatchie,Browns Falls 2,E,24044,Oswegatchie,089,36,1923-01-01,7.5,8.0,8.0,7.5,7.5,,HY,WAT,,17.1
R1154,Erie Blvd. Hydro - Oswegatchie,Eel Weir 1,E,24044,Heuvelton,089,36,1928-01-01,0.5,0.3,0.3,0.5,0.5,,HY,WAT,,1.9
R1155,Erie Blvd. Hydro - Oswegatchie,Eel Weir 2,E,24044,Heuvelton,089,36,1938-01-01,1.1,0.8,0.8,1.1,1.1,,HY,WAT,,3.2
R1156,Erie Blvd. Hydro - Oswegatchie,Eel Weir 3,E,24044,Heuvelton,089,36,1938-01-01,1.1,0.8,0.8,1.1,1.1,,HY,WAT,,4.7
R1157,Erie Blvd. Hydro - Oswegatchie,Flat Rock 1,E,24044,Flat Rock,089,36,1924-01-01,3.0,2.6,2.6,3.0,3.0,,HY,WAT,,12.3
R1158,Erie Blvd. Hydro - Oswegatchie,Flat Rock 2,E,24044,Flat Rock,089,36,1924-01-01,3.0,2.6,2.6,3.0,3.0,,HY,WAT,,6.7
R1159,Erie Blvd. Hydro - Oswegatchie,Heuvelton 1,E,24044,Heuvelton,089,36,1924-01-01,0.5,0.4,0.4,0.5,0.5,,HY,WAT,,2.7
R1160,Erie Blvd. Hydro - Oswegatchie,Heuvelton 2,E,24044,Heuvelton,089,36,1924-01-01,0.5,0.4,0.4,0.5,0.5,,HY,WAT,,2.3
R1161,Erie Blvd. Hydro - Oswegatchie,Lower Newton Falls 1,E,24044,Newton Falls,089,36,2002-07-01,0.5,0.6,0.6,0.5,0.5,,HY,WAT,,2.1
R1162,Erie Blvd. Hydro - Oswegatchie,Oswegatchie 1,E,24044,Oswegatchie,089,36,1937-01-01,0.6,1.3,1.3,0.6,0.6,,HY,WAT,,4.5
R1163,Erie Blvd. Hydro - Oswegatchie,Oswegatchie 2,E,24044,Oswegatchie,089,36,1937-01-01,0.2,0.5,0.5,0.2,0.2,,HY,WAT,,2.7
R1164,Erie Blvd. Hydro - Oswegatchie,South Edwards 1,E,24044,South Edwards,089,36,1937-01-01,1.0,1.2,1.2,1.0,1.0,,HY,WAT,,9.0
R1165,Erie Blvd. Hydro - Oswegatchie,South Edwards 2,E,24044,South Edwards,089,36,1937-01-01,1.0,1.2,1.2,1.0,1.0,,HY,WAT,,4.7
R1166,Erie Blvd. Hydro - Oswegatchie,South Edwards 3,E,24044,South Edwards,089,36,1921-01-01,0.7,0.8,0.8,0.7,0.7,,HY,WAT,,4.8
R1167,Erie Blvd. Hydro - Oswegatchie,South Edwards 4,E,24044,South Edwards,089,36,1937-01-01,0.2,0.2,0.2,0.2,0.2,,HY,WAT,,1.1
R1168,Erie Blvd. Hydro - Oswegatchie,Talcville 1,E,24044,Edwards,089,36,1986-12-01,0.5,0.4,0.4,0.5,0.5,,HY,WAT,,0.0
R1169,Erie Blvd. Hydro - Oswegatchie,Talcville 2,E,24044,Edwards,089,36,1986-12-01,0.5,0.4,0.4,0.5,0.5,,HY,WAT,,0.6
R1170,Erie Blvd. Hydro - Oswegatchie,Upper Newton Falls 2,E,24044,Newton Falls,089,36,2002-07-01,0.5,0.4,0.4,0.5,0.5,,HY,WAT,,3.0
R1171,Erie Blvd. Hydro - Oswegatchie,Upper Newton Falls 3,E,24044,Newton Falls,089,36,2002-07-01,0.5,0.4,0.4,0.5,0.5,,HY,WAT,,2.0
R1172,Erie Blvd. Hydro - Oswegatchie,Upper Newton Falls 4,E,24044,Newton Falls,089,36,2002-07-01,0.5,0.4,0.4,0.5,0.5,,HY,WAT,,1.4
R1173,Erie Blvd. Hydro - Black River,Beebee Island 1,E,24047,Watertown,045,36,1963-01-01,4.0,4.4,4.4,4.0,4.0,,HY,WAT,,19.6
R1174,Erie Blvd. Hydro - Black River,Beebee Island 2,E,24047,Watertown,045,36,1968-01-01,4.0,4.4,4.4,4.0,4.0,,HY,WAT,,31.5
R1175,Erie Blvd. Hydro - Black River,Black River 1,E,24047,Black River,045,36,1920-01-01,2.0,2.3,2.3,2.0,2.0,,HY,WAT,,9.1
R1176,Erie Blvd. Hydro - Black River,Black River 2,E,24047,Black River,045,36,1920-01-01,2.0,2.3,2.3,2.0,2.0,,HY,WAT,,12.0
R1177,Erie Blvd. Hydro - Black River,Black River 3,E,24047,Black River,045,36,1920-01-01,2.0,2.3,2.3,2.0,2.0,,HY,WAT,,6.1
R1178,Erie Blvd. Hydro - Black River,Deferiet 1,E,24047,Deferiet,045,36,1925-01-01,3.6,3.7,3.7,3.6,3.6,,HY,WAT,,18.5
R1179,Erie Blvd. Hydro - Black River,Deferiet 2,E,24047,Deferiet,045,36,1925-01-01,3.6,3.7,3.7,3.6,3.6,,HY,WAT,,29.5
R1180,Erie Blvd. Hydro - Black River,Deferiet 3,E,24047,Deferiet,045,36,1925-01-01,3.6,3.7,3.7,3.6,3.6,,HY,WAT,,15.2
R1181,Erie Blvd. Hydro - Black River,Herrings 1,E,24047,Herrings,045,36,1924-01-01,1.8,1.8,1.8,1.8,1.8,,HY,WAT,,3.8
R1182,Erie Blvd. Hydro - Black River,Herrings 2,E,24047,Herrings,045,36,1924-01-01,1.8,1.8,1.8,1.8,1.8,,HY,WAT,,11.2
R1183,Erie Blvd. Hydro - Black River,Herrings 3,E,24047,Herrings,045,36,1924-01-01,1.8,1.8,1.8,1.8,1.8,,HY,WAT,,8.2
R1184,Erie Blvd. Hydro - Black River,Kamargo 1,E,24047,Black River,045,36,1921-01-01,1.8,1.8,1.8,1.8,1.8,,HY,WAT,,9.5
R1185,Erie Blvd. Hydro - Black River,Kamargo 2,E,24047,Black River,045,36,1921-01-01,1.8,1.8,1.8,1.8,1.8,,HY,WAT,,12.1
R1186,Erie Blvd. Hydro - Black River,Kamargo 3,E,24047,Black River,045,36,1921-01-01,1.8,1.8,1.8,1.8,1.8,,HY,WAT,,6.0
R1187,Erie Blvd. Hydro - Black River,Sewalls 1,E,24047,Watertown,045,36,1925-01-01,1.0,1.1,1.1,1.0,1.0,,HY,WAT,,6.5
R1188,Erie Blvd. Hydro - Black River,Sewalls 2,E,24047,Watertown,045,36,1925-01-01,1.0,1.1,1.1,1.0,1.0,,HY,WAT,,8.7
R1189,Erie Blvd. Hydro - Beaver River,Belfort 1,E,24048,Belfort,049,36,1903-01-01,0.4,0.4,0.4,0.4,0.4,,HY,WAT,,1.5
R1190,Erie Blvd. Hydro - Beaver River,Belfort 2,E,24048,Belfort,049,36,1915-01-01,0.6,0.6,0.6,0.6,0.6,,HY,WAT,,2.2
R1191,Erie Blvd. Hydro - Beaver River,Belfort 3,E,24048,Belfort,049,36,1918-01-01,1.0,1.0,1.0,1.0,1.0,,HY,WAT,,6.4
R1192,Erie Blvd. Hydro - Beaver River,Eagle 1,E,24048,Watson,049,36,1914-01-01,1.3,1.2,1.2,1.3,1.3,,HY,WAT,,4.8
R1193,Erie Blvd. Hydro - Beaver River,Eagle 2,E,24048,Watson,049,36,1915-01-01,1.4,1.3,1.3,1.4,1.4,,HY,WAT,,6.0
R1194,Erie Blvd. Hydro - Beaver River,Eagle 3,E,24048,Watson,049,36,1919-01-01,1.4,1.3,1.3,1.4,1.4,,HY,WAT,,7.3
R1195,Erie Blvd. Hydro - Beaver River,Eagle 4,E,24048,Watson,049,36,1925-01-01,2.1,2.0,2.0,2.1,2.1,,HY,WAT,,11.2
R1196,Erie Blvd. Hydro - Beaver River,Effley 1,E,24048,Belfort,049,36,1902-01-01,0.4,0.3,0.3,0.4,0.4,,HY,WAT,,1.5
R1197,Erie Blvd. Hydro - Beaver River,Effley 2,E,24048,Belfort,049,36,1907-01-01,0.4,0.3,0.3,0.4,0.4,,HY,WAT,,0.7
R1198,Erie Blvd. Hydro - Beaver River,Effley 3,E,24048,Belfort,049,36,1910-01-01,0.6,0.5,0.5,0.6,0.6,,HY,WAT,,3.3
R1199,Erie Blvd. Hydro - Beaver River,Effley 4,E,24048,Belfort,049,36,1923-01-01,1.6,1.5,1.5,1.6,1.6,,HY,WAT,,9.0
R1200,Erie Blvd. Hydro - Beaver River,Elmer 1,E,24048,Belfort,049,36,1916-01-01,0.8,0.9,0.9,0.8,0.8,,HY,WAT,,4.9
R1201,Erie Blvd. Hydro - Beaver River,Elmer 2,E,24048,Belfort,049,36,1916-01-01,0.8,0.9,0.9,0.8,0.8,,HY,WAT,,4.8
R1202,Erie Blvd. Hydro - Beaver River,High Falls 1,E,24048,Indian River,049,36,1925-01-01,1.6,1.9,1.9,1.6,1.6,,HY,WAT,,6.5
R1203,Erie Blvd. Hydro - Beaver River,High Falls 2,E,24048,Indian River,049,36,1925-01-01,1.6,1.9,1.9,1.6,1.6,,HY,WAT,,8.7
R1204,Erie Blvd. Hydro - Beaver River,High Falls 3,E,24048,Indian River,049,36,1925-01-01,1.6,1.9,1.9,1.6,1.6,,HY,WAT,,12.4
R1205,Erie Blvd. Hydro - Beaver River,Moshier 1,E,24048,Belfort,043,36,1929-01-01,4.0,4.0,4.0,4.0,4.0,,HY,WAT,,23.6
R1206,Erie Blvd. Hydro - Beaver River,Moshier 2,E,24048,Belfort,043,36,1929-01-01,4.0,4.0,4.0,4.0,4.0,,HY,WAT,,14.4
R1207,Erie Blvd. Hydro - Beaver River,Soft Maple 1,E,24048,Croghan,049,36,1925-01-01,7.5,8.0,8.0,7.5,7.5,,HY,WAT,,30.1
R1208,Erie Blvd. Hydro - Beaver River,Soft Maple 2,E,24048,Croghan,049,36,1925-01-01,7.5,8.0,8.0,7.5,7.5,,HY,WAT,,8.2
R1209,Erie Blvd. Hydro - Beaver River,Taylorville 1,E,24048,Belfort,049,36,1913-01-01,1.1,1.0,1.0,1.1,1.1,,HY,WAT,,7.4
R1210,Erie Blvd. Hydro - Beaver River,Taylorville 2,E,24048,Belfort,049,36,1913-01-01,1.1,1.0,1.0,1.1,1.1,,HY,WAT,,6.2
R1211,Erie Blvd. Hydro - Beaver River,Taylorville 3,E,24048,Belfort,049,36,1913-01-01,1.1,1.0,1.0,1.1,1.1,,HY,WAT,,4.8
R1212,Erie Blvd. Hydro - Beaver River,Taylorville 4,E,24048,Belfort,049,36,1927-01-01,1.2,1.1,1.1,1.2,1.2,,HY,WAT,,3.9
R1213,Erie Blvd. Hydro - West Canada,Prospect,E,24049,Prospect,043,36,1959-01-01,17.3,21.7,21.7,17.3,17.3,,HY,WAT,,69.2
R1214,Erie Blvd. Hydro - West Canada,Trenton Falls 5,E,24049,Trenton,065,36,1919-01-01,6.8,9.6,9.6,6.8,6.8,,HY,WAT,,52.4
R1215,Erie Blvd. Hydro - West Canada,Trenton Falls 6,E,24049,Trenton,065,36,1919-01-01,6.4,9.1,9.1,6.4,6.4,,HY,WAT,,52.9
R1216,Erie Blvd. Hydro - West Canada,Trenton Falls 7,E,24049,Trenton,065,36,1922-01-01,6.4,9.1,9.1,6.4,6.4,,HY,WAT,,35.4
R1217,Erie Blvd. Hydro - East Canada Mohawk,Inghams 1,E,24050,Little Falls,043,36,1912-01-01,3.2,3.5,3.5,3.2,3.2,,HY,WAT,,12.4
R1218,Erie Blvd. Hydro - East Canada Mohawk,Inghams 2,E,24050,Little Falls,043,36,1912-01-01,3.2,3.5,3.5,3.2,3.2,,HY,WAT,,17.3
R1219,Erie Blvd. Hydro - Upper Raquette,Blake,E,24056,Stark,089,36,1957-01-01,14.4,15.6,15.6,14.4,14.4,,HY,WAT,,65.1
R1220,Erie Blvd. Hydro - Upper Raquette,Five Falls,E,24056,Colton,089,36,1955-01-01,22.5,24.4,24.4,22.5,22.5,,HY,WAT,,107.4
R1221,Erie Blvd. Hydro - Upper Raquette,Rainbow Falls,E,24056,Colton,089,36,1956-01-01,22.5,24.4,24.4,22.5,22.5,,HY,WAT,,108.0
R1222,Erie Blvd. Hydro - Upper Raquette,South Colton,E,24056,South Colton,089,36,1954-01-01,19.4,20.9,20.9,19.4,19.4,,HY,WAT,,89.8
R1223,Erie Blvd. Hydro - Upper Raquette,Stark,E,24056,Stark,089,36,1957-01-01,22.5,24.6,24.6,22.5,22.5,,HY,WAT,,103.2
R1224,Erie Blvd. Hydro - Lower Raquette,Colton 1,E,24057,Colton,089,36,1962-01-01,10.0,10.0,10.0,10.0,10.0,,HY,WAT,,75.4
R1225,Erie Blvd. Hydro - Lower Raquette,Colton 2,E,24057,Colton,089,36,1918-01-01,10.0,10.0,10.0,10.0,10.0,,HY,WAT,,73.9
R1226,Erie Blvd. Hydro - Lower Raquette,Colton 3,E,24057,Colton,089,36,1928-01-01,10.0,10.0,10.0,10.0,10.0,,HY,WAT,,46.5
R1227,Erie Blvd. Hydro - Lower Raquette,East Norfolk,E,24057,East Norfolk,089,36,1928-01-01,3.6,4.0,4.0,3.6,3.6,,HY,WAT,,25.6
R1228,Erie Blvd. Hydro - Lower Raquette,Hannawa Falls 1,E,24057,Hannawa Falls,089,36,1914-01-01,3.6,3.7,3.7,3.6,3.6,,HY,WAT,,26.8
R1229,Erie Blvd. Hydro - Lower Raquette,Hannawa Falls 2,E,24057,Hannawa Falls,089,36,1920-01-01,3.6,3.7,3.7,3.6,3.6,,HY,WAT,,25.9
R1230,Erie Blvd. Hydro - Lower Raquette,Higley 1,E,24057,Colton,089,36,1913-01-01,1.2,1.1,1.1,1.2,1.2,,HY,WAT,,7.5
R1231,Erie Blvd. Hydro - Lower Raquette,Higley 2,E,24057,Colton,089,36,1913-01-01,1.2,1.1,1.1,1.2,1.2,,HY,WAT,,9.8
R1232,Erie Blvd. Hydro - Lower Raquette,Higley 3,E,24057,Colton,089,36,1943-01-01,2.1,2.0,2.0,2.1,2.1,,HY,WAT,,10.4
R1233,Erie Blvd. Hydro - Lower Raquette,Higley 4,E,24057,Colton,089,36,1943-01-01,2.1,2.0,2.0,2.1,2.1,,HY,WAT,,9.6
R1234,Erie Blvd. Hydro - Lower Raquette,Norfolk,E,24057,Norfolk,089,36,1928-01-01,4.5,4.8,4.8,4.5,4.5,,HY,WAT,,28.2
R1235,Erie Blvd. Hydro - Lower Raquette,Norwood,E,24057,Norwood,089,36,1928-01-01,2.0,2.2,2.2,2.0,2.0,,HY,WAT,,13.1
R1236,Erie Blvd. Hydro - Lower Raquette,Raymondville,E,24057,Raymondville,089,36,1928-01-01,2.0,2.1,2.1,2.0,2.0,,HY,WAT,,13.5
R1237,Erie Blvd. Hydro - Lower Raquette,Sugar Island 1,E,24057,Potsdam,089,36,1924-01-01,2.5,2.1,2.1,2.5,2.5,,HY,WAT,,13.2
R1238,Erie Blvd. Hydro - Lower Raquette,Sugar Island 2,E,24057,Potsdam,089,36,1924-01-01,2.5,2.0,2.0,2.5,2.5,,HY,WAT,,15.0
R1239,Erie Blvd. Hydro - Lower Raquette,Yaleville 1,E,24057,Norwood,089,36,1940-01-01,0.5,0.2,0.2,0.5,0.5,,HY,WAT,,2.5
R1240,Erie Blvd. Hydro - Lower Raquette,Yaleville 2,E,24057,Norwood,089,36,1940-01-01,0.2,0.3,0.3,0.2,0.2,,HY,WAT,,1.2
R1241,"Madison Windpower, LLC",Madison Wind Power,E,24146,Madison,053,36,2000-09-01,11.6,11.5,11.5,11.6,11.6,,WT,LBW,,7.3
R1242,"Flat Rock Windpower, LLC",Maple Ridge Wind 1,E,323574,Lowville,049,36,2006-01-01,231.0,231.0,231.0,231.0,231.0,,WT,LBW,,465.3
R1243,"Flat Rock Windpower II, LLC",Maple Ridge Wind 2,E,323611,Lowville,049,36,2007-12-01,90.8,90.7,90.7,90.8,90.8,,WT,LBW,,174.4
R1244,"Northbrook Lyons Falls, LLC",Hampshire Paper,E,323593,Gouverneur,089,36,1987-03-01,3.4,3.5,3.5,3.4,3.4,,HY,WAT,,13.1
R1245,"Munnsville Wind Farm, LLC",Munnsville Wind Power,E,323609,Bouckville,053,36,2007-08-20,34.5,34.5,34.5,34.5,34.5,,WT,LBW,,82.0
R1246,"Innovative Energy Systems, Inc.",DANC LFGE,E,323619,Watertown,045,36,2008-09-08,6.4,6.4,6.4,6.4,6.4,,IC,MTE,,13.8
R1247,"WM Renewable Energy,LLC",Madison County LF,E,323628,Wampsville,053,36,2010-03-01,1.6,0.0,0.0,0.0,0.0,,IC,MTE,,0.0
R1248,Hardscrabble Wind Power LLC,Hardscrabble Wind,E,323673,Fairfield,043,36,2011-02-01,74.0,74.0,74.0,74.0,74.0,,WT,LBW,,164.4
R1249,"WM Renewable Energy,LLC",Oneida-Herkimer  LFGE,E,323681,Boonville,065,36,2012-04-01,3.2,3.2,3.2,3.2,3.2,,IC,MTE,,25.2
R1250,Galt Power Inc.,Copenhagen Wind Farm,E,323753,Copenhagen,049,36,2018-12-01,79.9,79.9,79.9,0.0,0.0,,WT,LBW,,238.3
R1251,Avangrid Renewables LLC,Roaring Brook Wind,E,323790,Martinsburg,049,36,2021-08-30,79.7,79.7,79.7,79.7,79.7,,WT,LBW,,164.1
R1252,Number Three Wind LLC,Number Three Wind Power,E,323818,Lowville,049,36,2023-07-01,103.9,105.8,105.8,103.9,103.9,,WT,LBW,,273.7
R1253,"Bluestone Wind, LLC",BlueStone Wind,E,323821,Sanford,007,36,2024-02-01,111.8,124.2,124.2,111.8,111.8,,WT,LBW,,293.9
R1254,Boralex Hydro Operations Inc,NYS Dam ,F,23527,Waterford,091,36,1990-12-01,11.4,11.3,11.3,11.4,11.4,,HY,WAT,,42.9
R1255,New York State Elec. & Gas Corp.,Mechanicville 1,F,23645,Stillwater,091,36,1983-09-01,9.2,10.0,10.0,9.8,9.2,,HY,WAT,,78.7
R1256,New York State Elec. & Gas Corp.,Mechanicville 2,F,23645,Stillwater,091,36,1983-09-01,9.3,10.0,10.0,10.0,9.3,,HY,WAT,,
R1257,New Athens Generating Company LLC,Athens 1,F,23668,Athens,039,36,2004-05-01,441.0,332.0,399.9,329.4,396.9,YES,CC,NG,FO2,973.3
R1258,New Athens Generating Company LLC,Athens 2,F,23670,Athens,039,36,2004-05-01,441.0,329.4,398.6,333.3,393.3,YES,CC,NG,FO2,"1,513.6"
R1259,New Athens Generating Company LLC,Athens 3,F,23677,Athens,039,36,2004-05-01,441.0,330.6,395.1,285.0,409.1,YES,CC,NG,FO2,"1,483.2"
R1260,New York Power Authority,Gilboa 1,F,23756,Gilboa NY,095,36,1973-07-01,290.0,290.7,290.7,292.0,292.0,,PS,WAT,,-131.2
R1261,New York Power Authority,Gilboa 2,F,23757,Gilboa NY,095,36,1973-07-01,290.0,291.2,291.2,293.2,293.0,,PS,WAT,,-2.5
R1262,New York Power Authority,Gilboa 3,F,23758,Gilboa NY,095,36,1973-07-01,290.0,291.7,291.7,292.4,293.0,,PS,WAT,,15.1
R1263,New York Power Authority,Gilboa 4,F,23759,Gilboa NY,095,36,1973-07-01,290.0,291.5,291.5,292.9,292.5,,PS,WAT,,-33.5
R1264,Rensselaer Generating LLC,Rensselaer,F,23796,Rensselaer,083,36,1993-12-01,96.9,79.0,79.0,76.8,81.2,YES,CC,NG,FO2,18.8
R1265,"Wheelabrator Hudson Falls, LLC",Wheelabrator Hudson Falls,F,23798,Hudson Falls,115,36,1991-10-01,14.4,12.7,12.7,10.4,10.2,,ST,REF,,67.4
R1266,"Selkirk Cogen Partners , L.P.",Selkirk-I,F,23801,Selkirk,001,36,1992-03-01,107.2,82.1,107.2,76.4,101.9,YES,CC,NG,FO2,10.8
R1267,"Selkirk Cogen Partners , L.P.",Selkirk-II,F,23799,Selkirk,001,36,1994-09-01,338.8,291.3,380.5,276.6,333.8,YES,CC,NG,FO2,87.0
R1268,Indeck-Corinth LP,Indeck-Corinth,F,23802,Corinth,091,36,1995-07-01,147.0,131.2,134.0,128.5,135.5,YES,CC,NG,FO2,422.4
R1269,"Castleton Power, LLC",Castleton Energy Center,F,23900,Castleton,083,36,1992-01-01,72.0,69.0,86.6,67.0,77.3,YES,CC,NG,FO2,84.6
R1270,New York Power Authority,Crescent 1,F,24018,Crescent,001,36,1991-07-01,2.8,3.2,3.2,2.8,2.8,,HY,WAT,,11.7
R1271,New York Power Authority,Crescent 2,F,24018,Crescent,001,36,1991-07-01,2.8,3.2,3.2,2.8,2.8,,HY,WAT,,14.3
R1272,New York Power Authority,Crescent 3,F,24018,Crescent,001,36,1991-07-01,3.0,3.2,3.2,3.0,3.0,,HY,WAT,,14.3
R1273,New York Power Authority,Crescent 4,F,24018,Crescent,001,36,1991-07-01,3.0,3.2,3.2,3.0,3.0,,HY,WAT,,15.5
R1274,New York Power Authority,Vischer Ferry 1,F,24020,Vischer Ferry,091,36,1991-07-01,2.8,3.2,3.2,2.8,2.9,,HY,WAT,,12.1
R1275,New York Power Authority,Vischer Ferry 2,F,24020,Vischer Ferry,091,36,1991-07-01,2.8,3.2,3.2,2.8,2.9,,HY,WAT,,13.9
R1276,New York Power Authority,Vischer Ferry 3,F,24020,Vischer Ferry,091,36,1991-07-01,3.0,3.2,3.2,3.0,2.9,,HY,WAT,,14.8
R1277,New York Power Authority,Vischer Ferry 4,F,24020,Vischer Ferry,091,36,1991-07-01,3.0,3.2,3.2,3.0,2.9,,HY,WAT,,14.8
R1278,Erie Blvd. Hydro - East Canada Capital,Beardslee 1,F,24051,Little Falls,043,36,1924-01-01,10.0,9.5,9.5,10.0,10.0,,HY,WAT,,21.7
R1279,Erie Blvd. Hydro - East Canada Capital,Beardslee 2,F,24051,Little Falls,043,36,1924-01-01,10.0,9.5,9.5,10.0,10.0,,HY,WAT,,29.4
R1280,Erie Blvd. Hydro - East Canada Capital,Ephratah 1,F,24051,Caroga Lake,035,36,1920-01-01,1.4,0.7,0.7,1.4,1.4,,HY,WAT,,4.9
R1281,Erie Blvd. Hydro - East Canada Capital,Ephratah 2,F,24051,Caroga Lake,035,36,1911-01-01,1.2,0.6,0.6,1.2,1.2,,HY,WAT,,0.0
R1282,Erie Blvd. Hydro - East Canada Capital,Ephratah 3,F,24051,Caroga Lake,035,36,1911-01-01,1.3,0.0,0.0,1.3,1.3,,HY,WAT,,0.0
R1283,Erie Blvd. Hydro - East Canada Capital,Ephratah 4,F,24051,Caroga Lake,035,36,1911-01-01,1.3,0.7,0.7,1.3,1.3,,HY,WAT,,0.0
R1284,Erie Blvd. Hydro - Upper Hudson,E J West 1,F,24058,Hadley,091,36,1930-01-01,10.0,11.9,11.9,11.9,11.9,,HY,WAT,,31.2
R1285,Erie Blvd. Hydro - Upper Hudson,E J West 2,F,24058,Hadley,091,36,1930-01-01,10.0,11.9,11.9,11.9,11.9,,HY,WAT,,44.2
R1286,Erie Blvd. Hydro - Upper Hudson,Feeder Dam 1,F,24058,S Glens Falls,091,36,1924-01-01,1.2,0.9,0.9,1.2,1.2,,HY,WAT,,4.5
R1287,Erie Blvd. Hydro - Upper Hudson,Feeder Dam 2,F,24058,S Glens Falls,091,36,1924-01-01,1.2,0.9,0.9,1.2,1.2,,HY,WAT,,4.6
R1288,Erie Blvd. Hydro - Upper Hudson,Feeder Dam 3,F,24058,S Glens Falls,091,36,1924-01-01,1.2,0.9,0.9,1.2,1.2,,HY,WAT,,3.8
R1289,Erie Blvd. Hydro - Upper Hudson,Feeder Dam 4,F,24058,S Glens Falls,091,36,1924-01-01,1.2,0.9,0.9,1.2,1.2,,HY,WAT,,5.8
R1290,Erie Blvd. Hydro - Upper Hudson,Feeder Dam 5,F,24058,S Glens Falls,091,36,1924-01-01,1.2,0.9,0.9,1.2,1.2,,HY,WAT,,6.1
R1291,Erie Blvd. Hydro - Upper Hudson,Sherman Island 2,F,24058,Queensbury,113,36,1923-01-01,7.2,8.1,8.1,8.1,8.1,,HY,WAT,,33.9
R1292,Erie Blvd. Hydro - Upper Hudson,Sherman Island 3,F,24058,Queensbury,113,36,1923-01-01,8.7,9.7,9.7,9.7,9.7,,HY,WAT,,43.2
R1293,Erie Blvd. Hydro - Upper Hudson,Sherman Island 4,F,24058,Queensbury,113,36,1923-01-01,7.2,8.1,8.1,8.1,8.1,,HY,WAT,,42.8
R1294,Erie Blvd. Hydro - Upper Hudson,Sherman Island 5,F,24058,Queensbury,113,36,1923-01-01,7.2,8.1,8.1,8.1,8.1,,HY,WAT,,21.9
R1295,Erie Blvd. Hydro - Upper Hudson,Spier Falls 1,F,24058,Moreau,091,36,1924-01-01,6.8,8.4,8.4,8.1,8.1,,HY,WAT,,42.7
R1296,Erie Blvd. Hydro - Upper Hudson,Spier Falls 2,F,24058,Moreau,091,36,1930-01-01,37.6,46.9,46.9,38.1,38.1,,HY,WAT,,143.1
R1297,Erie Blvd. Hydro - Upper Hudson,Stewarts Bridge 1,F,24058,Hadley,091,36,1952-01-01,30.0,35.8,35.8,32.5,32.5,,HY,WAT,,113.8
R1298,Erie Blvd. Hydro - Lower Hudson,Johnsonville 1,F,24059,Johnsonville,083,36,1909-01-01,1.2,1.3,1.3,1.2,1.2,,HY,WAT,,3.4
R1299,Erie Blvd. Hydro - Lower Hudson,Johnsonville 2,F,24059,Johnsonville,083,36,1909-01-01,1.2,1.3,1.3,1.2,1.2,,HY,WAT,,4.6
R1300,Erie Blvd. Hydro - Lower Hudson,Schaghticoke 1,F,24059,Schaghticoke,083,36,1908-01-01,3.3,4.1,4.1,3.3,3.3,,HY,WAT,,19.2
R1301,Erie Blvd. Hydro - Lower Hudson,Schaghticoke 2,F,24059,Schaghticoke,083,36,1908-01-01,3.3,4.1,4.1,3.3,3.3,,HY,WAT,,16.3
R1302,Erie Blvd. Hydro - Lower Hudson,Schaghticoke 3,F,24059,Schaghticoke,083,36,1908-01-01,3.3,4.1,4.1,3.3,3.3,,HY,WAT,,16.1
R1303,Erie Blvd. Hydro - Lower Hudson,Schaghticoke 4,F,24059,Schaghticoke,083,36,1908-01-01,3.3,4.1,4.1,3.3,3.3,,HY,WAT,,7.4
R1304,Erie Blvd. Hydro - Lower Hudson,School Street 1,F,24059,Cohoes,001,36,1974-01-01,7.2,6.9,6.9,7.2,7.2,,HY,WAT,,34.5
R1305,Erie Blvd. Hydro - Lower Hudson,School Street 2,F,24059,Cohoes,001,36,1915-01-01,7.2,6.9,6.9,7.2,7.2,,HY,WAT,,5.3
R1306,Erie Blvd. Hydro - Lower Hudson,School Street 3,F,24059,Cohoes,001,36,1915-01-01,7.2,6.9,6.9,7.2,7.2,,HY,WAT,,39.7
R1307,Erie Blvd. Hydro - Lower Hudson,School Street 4,F,24059,Cohoes,001,36,1922-01-01,7.2,6.9,6.9,7.2,7.2,,HY,WAT,,31.2
R1308,Erie Blvd. Hydro - Lower Hudson,School Street 5,F,24059,Cohoes,001,36,1924-01-01,10.0,9.6,9.6,10.0,10.0,,HY,WAT,,48.1
R1309,GB II New York LLC,Bethlehem GS1,F,323560,Bethlehem,001,36,2005-07-01,297.7,278.3,308.2,272.4,308.7,YES,CC,NG,FO2,"5,558.1"
R1310,GB II New York LLC,Bethlehem GS2,F,323561,Bethlehem,001,36,2005-07-01,297.7,278.3,308.3,272.4,308.7,YES,CC,NG,FO2,
R1311,GB II New York LLC,Bethlehem GS3,F,323562,Bethlehem,001,36,2005-07-01,297.7,278.4,308.3,272.4,308.7,YES,CC,NG,FO2,
R1312,"Innovative Energy Systems, Inc.",Colonie LFGTE,F,323577,Colonie,001,36,2006-03-01,6.4,6.4,6.4,6.4,6.4,,IC,MTE,,37.3
R1313,Albany Energy LLC,Albany LFGE,F,323615,Albany,001,36,1998-05-01,5.6,4.5,4.5,5.6,5.6,,IC,MTE,,9.9
R1314,"Innovative Energy Systems, Inc.",Fulton LFGE,F,323630,Johnstown,035,36,2010-06-04,3.2,3.2,3.2,3.2,3.2,,IC,MTE,,17.4
R1315,"Stephentown Spindle, LLC",Beacon LESR,F,323632,Stephentown,083,36,2010-11-29,20.0,0.0,0.0,0.0,0.0,,ES,FW,,-5.3
R1316,"Empire Generating Co, LLC",Empire CC1,F,323656,Rensselaer,083,36,2010-09-02,335.0,294.2,360.2,295.8,330.7,YES,CC,NG,FO2,"1,462.8"
R1317,"Empire Generating Co, LLC",Empire CC2,F,323658,Rensselaer,083,36,2010-09-02,335.0,298.2,365.1,295.8,330.7,YES,CC,NG,FO2,"1,438.6"
R1318,Galt Power Inc.,LaChute,F,323717,Ticonderoga,031,36,1987-12-01,8.9,8.9,8.9,8.9,8.9,,HY,WAT,,25.2
R1319,Galt Power Inc.,KCE NY 1,F,323755,Stillwater,091,36,2019-03-13,20.0,0.0,0.0,0.0,0.0,,ES,BAT,,-3.9
R1320,Relevate ReDev Borrower II LLC,Dahowa Hydroelectric,F,323763,Middle Falls,115,36,1987-12-01,12.3,10.5,10.5,12.3,12.3,,HY,WAT,,28.0
R1321,Galt Power Inc.,Branscomb Solar,F,323811,Easton,115,36,2021-12-18,20.0,20.0,20.0,20.0,20.0,,PV,SUN,,31.7
R1322,Galt Power Inc.,Darby Solar,F,323810,Easton,115,36,2023-07-01,20.0,20.0,20.0,20.0,20.0,,PV,SUN,,32.0
R1323,Galt Power Inc.,Regan Solar,F,323812,Greene,057,36,2022-12-28,20.0,20.0,20.0,20.0,20.0,,PV,SUN,,31.5
R1324,Galt Power Inc.,Grissom Solar,F,323813,Mohawk,057,36,2023-02-23,20.0,20.0,20.0,20.0,20.0,,PV,SUN,,24.3
R1325,Galt Power Inc.,Stillwater Solar,F,323814,Stillwater,091,36,2024-02-01,20.0,20.0,20.0,20.0,20.0,,PV,SUN,,34.4
R1326,Galt Power Inc.,Pattersonville Solar,F,323815,Schenectady,093,36,2024-02-24,20.0,20.0,20.0,20.0,20.0,,PV,SUN,,33.7
R1327,Hecate Energy Albany 1 LLC,Albany County Solar 1,F,323833,Colonie,001,36,2024-02-15,20.0,20.0,20.0,20.0,20.0,,PV,SUN,,29.7
R1328,Hecate Energy Albany 2 LLC,Albany County Solar 2,F,323834,Colonie,001,36,2024-02-15,20.0,20.0,20.0,20.0,20.0,,PV,SUN,,28.3
R1329,"NextEra Energy Marketing, LLC",East Point Solar,F,323840,Sharon Springs,095,36,2024-04-25,50.0,50.0,50.0,50.0,50.0,,PV,SUN,,50.7
R1330,"NextEra Energy Marketing, LLC",High River Solar,F,323847,Florida,057,36,2024-07-03,90.0,90.0,90.0,90.0,90.0,,PV,SUN,,49.9
R1331," Bowline,LLC",Bowline 1,G,23526,West Haverstraw,087,36,1972-09-01,621.0,594.0,594.0,565.1,569.5,YES,ST,NG,FO6,667.6
R1332," Bowline,LLC",Bowline 2,G,23595,West Haverstraw,087,36,1974-05-01,621.0,575.0,575.0,571.2,580.9,YES,ST,NG,FO6,618.4
R1333,"Danskammer Energy ,LLC",Danskammer 1,G,23586,Newburgh,071,36,1951-12-01,72.0,69.0,69.0,68.8,68.9,YES,ST,NG,FO6,2.0
R1334,"Danskammer Energy ,LLC",Danskammer 2,G,23589,Newburgh,071,36,1954-09-01,73.5,64.7,64.7,64.9,66.1,YES,ST,NG,FO6,2.1
R1335,"Danskammer Energy ,LLC",Danskammer 3,G,23590,Newburgh,071,36,1959-10-01,147.1,139.2,139.2,140.2,139.6,,ST,NG,,4.2
R1336,"Danskammer Energy ,LLC",Danskammer 4,G,23591,Newburgh,071,36,1967-09-01,239.4,238.2,238.2,224.3,230.4,,ST,NG,,10.5
R1337,"Roseton Generating, LLC",Roseton 1,G,23587,Newburgh,071,36,1974-12-01,621.0,614.8,614.8,616.8,613.3,YES,ST,NG,FO6,119.9
R1338,"Roseton Generating, LLC",Roseton 2,G,23588,Newburgh,071,36,1974-09-01,621.0,607.7,607.7,607.3,605.3,YES,ST,NG,FO6,116.7
R1339,New York Power Authority,Grahamsville,G,23607,Grahamsville,105,36,1956-12-01,18.0,16.3,16.3,18.0,18.0,,HY,WAT,,82.2
R1340,New York Power Authority,Neversink,G,23608,Grahamsville,105,36,1953-12-01,25.0,22.0,22.0,25.0,25.0,,HY,WAT,,29.6
R1341,Central Hudson Gas & Electric Corp.,Coxsackie GT,G,23611,Coxsackie,039,36,1969-12-01,21.6,21.6,26.0,19.7,25.2,YES,GT,NG,KER,0.4
R1342,Central Hudson Gas & Electric Corp.,South Cairo,G,23612,Cairo,039,36,1970-06-01,21.6,19.8,25.9,0.0,0.0,,GT,KER,,0.5
R1343,"Seneca Power Partners, L.P.",Hillburn GT,G,23639,Hillburn,087,36,1971-04-01,46.5,37.9,51.8,34.7,42.8,YES,JE,NG,KER,0.5
R1344,"Seneca Power Partners, L.P.",Shoemaker GT,G,23640,Middletown,071,36,1971-05-01,41.9,35.1,47.2,32.3,40.1,YES,JE,NG,KER,0.3
R1345,"Eagle Creek Hydro Power, LLC",Mongaup 1,G,23641,Forestburg,105,36,1923-07-01,1.0,0.9,0.9,0.9,0.9,,HY,WAT,,50.5
R1346,"Eagle Creek Hydro Power, LLC",Mongaup 2,G,23641,Forestburg,105,36,1923-07-01,1.0,1.0,1.0,0.9,0.9,,HY,WAT,,
R1347,"Eagle Creek Hydro Power, LLC",Mongaup 3,G,23641,Forestburg,105,36,1923-07-01,1.0,1.0,1.0,0.9,0.9,,HY,WAT,,
R1348,"Eagle Creek Hydro Power, LLC",Mongaup 4,G,23641,Forestburg,105,36,1926-01-01,1.0,1.0,1.0,0.9,0.8,,HY,WAT,,
R1349,"Eagle Creek Hydro Power, LLC",Rio,G,23641,Glen Spey,105,36,1927-12-01,10.8,10.8,10.8,9.7,9.3,,HY,WAT,,
R1350,"Eagle Creek Hydro Power, LLC",Swinging Bridge 2,G,23641,Forestburg,105,36,1930-02-01,9.0,7.9,7.9,8.0,7.7,,HY,WAT,,
R1351,New York Power Authority,Ashokan 1,G,23654,Ashokan,111,36,1982-11-01,2.3,1.8,1.8,4.6,4.6,,HY,WAT,,6.0
R1352,New York Power Authority,Ashokan 2,G,23654,Ashokan,111,36,1982-11-01,2.3,1.8,1.8,4.6,4.6,,HY,WAT,,5.1
R1353,Central Hudson Gas & Electric Corp.,DCRRA,G,23765,Poughkeepsie,027,36,1987-09-01,9.2,10.8,10.8,6.3,7.2,,ST,REF,,0.0
R1354,Erie Blvd. Hydropower LP,West Delaware Hydro,G,323627,Grahamsville,105,36,1988-12-01,7.5,7.5,7.5,7.5,7.5,,HY,WAT,,18.8
R1355,"CPV Valley, LLC",CPV Valley CC1,G,323721,Wawayanda,071,36,2018-03-01,385.0,340.0,380.5,320.4,369.7,YES,CC,NG,FO2,"2,547.6"
R1356,"CPV Valley, LLC",CPV Valley CC2,G,323722,Wawayanda,071,36,2018-03-01,385.0,340.0,380.5,329.4,368.9,YES,CC,NG,FO2,"2,454.3"
R1357,"Cricket Valley Energy Center, LLC",Cricket Valley CC1,G,323756,Dover,027,36,2019-10-29,392.3,364.2,402.4,349.7,378.9,,CC,NG,,"1,723.7"
R1358,"Cricket Valley Energy Center, LLC",Cricket Valley CC2,G,323757,Dover,028,36,2020-01-03,392.3,361.2,399.1,345.5,379.5,,CC,NG,,"1,591.1"
R1359,"Cricket Valley Energy Center, LLC",Cricket Valley CC3,G,323758,Dover,029,36,2020-01-17,392.3,364.2,402.4,326.4,380.8,,CC,NG,,843.3
R1360,Orange and Rockland,Pomona ESR,G,323819,Pomona,087,36,2023-07-07,3.0,3.0,3.0,0.0,0.0,,ES,BAT,,-0.2
R1361,"Wheelabrator Westchester, LP",Wheelabrator Westchester,H,23653,Peekskill,119,36,1984-04-01,59.7,53.5,53.5,53.5,53.3,,ST,REF,,397.7
R1362,Direct Energy Marketing Inc,Arthur Kill GT 1,J,23520,Staten Island,085,36,1970-06-01,20.0,16.5,21.6,12.4,16.1,,GT,NG,,0.4
R1363,Direct Energy Marketing Inc,Arthur Kill ST 2,J,23512,Staten Island,085,36,1959-08-01,376.2,357.7,357.7,363.2,361.0,,ST,NG,,823.5
R1364,Direct Energy Marketing Inc,Arthur Kill ST 3,J,23513,Staten Island,085,36,1969-06-01,535.5,518.0,518.0,520.4,525.3,,ST,NG,,448.0
R1365,"Consolidated Edison Co. of NY, Inc.",Brooklyn Navy Yard,J,23515,Brooklyn,047,36,1996-11-01,322.0,266.9,348.6,249.2,295.3,YES,CC,NG,FO2,"2,149.2"
R1366,Astoria Generating Company L.P.,Astoria GT 01,J,23523,Queens,081,36,1967-07-01,16.0,15.7,20.5,13.8,18.0,,GT,NG,,0.4
R1367,Astoria Generating Company L.P.,Astoria 2,J,24149,Queens,081,36,1954-03-01,180.0,177.0,177.0,158.0,158.0,,ST,NG,,5.6
R1368,Astoria Generating Company L.P.,Astoria 3,J,23516,Queens,081,36,1958-09-01,376.0,369.9,369.9,371.1,370.4,YES,ST,NG,FO2,462.3
R1369,Astoria Generating Company L.P.,Astoria 5,J,23518,Queens,081,36,1962-05-01,387.0,376.3,376.3,373.2,371.7,YES,ST,NG,FO2,399.8
R1370,"Ravenswood Operations, LLC",Ravenswood ST 01,J,23533,Queens,081,36,1963-02-01,400.0,365.1,365.1,364.5,364.5,YES,ST,NG,FO2,127.6
R1371,"Ravenswood Operations, LLC",Ravenswood ST 02,J,23534,Queens,081,36,1963-05-01,400.0,391.6,391.6,375.2,377.5,YES,ST,NG,FO2,207.5
R1372,"Ravenswood Operations, LLC",Ravenswood ST 03,J,23535,Queens,081,36,1965-06-01,"1,027.0",986.8,986.8,985.1,972.8,YES,ST,NG,FO2,293.8
R1373,"Ravenswood Operations, LLC",Ravenswood CC 04,J,23820,Queens,081,36,2004-05-01,250.0,231.2,276.7,222.2,275.1,YES,CC,NG,FO2,"1,903.5"
R1374,"Consolidated Edison Co. of NY, Inc.",East River 1,J,323558,Manhattan,061,36,2005-04-01,185.0,160.5,199.0,153.2,192.8,YES,CC,NG,FO2,"1,066.5"
R1375,"Consolidated Edison Co. of NY, Inc.",East River 2,J,323559,Manhattan,061,36,2005-04-05,185.0,162.4,201.4,154.5,197.3,YES,CC,NG,FO2,"1,082.7"
R1376,"Consolidated Edison Co. of NY, Inc.",East River 6,J,23660,Manhattan,061,36,1951-11-01,156.2,144.3,144.3,141.5,139.9,YES,ST,NG,FO2,501.8
R1377,"Consolidated Edison Co. of NY, Inc.",East River 7,J,23524,Manhattan,061,36,1955-06-01,200.0,186.7,186.7,181.5,185.0,YES,ST,NG,FO2,243.1
R1378,"East Coast Power, LLC",Linden Cogen,J,23786,Linden NJ,039,34,1992-05-01,800.0,790.8,924.9,748.2,793.5,YES,CC,NG,BUT,"4,288.7"
R1379,Calpine Energy Services LP,KIAC_JFK (BTM:NG),J,323774,Jamaica,081,36,1995-02-01,121.2,117.0,117.0,105.4,107.5,YES,CC,NG,FO2,397.8
R1380,Astoria Generating Company L.P.,Gowanus 2-1,J,24114,Brooklyn,047,36,1971-06-01,20.0,17.9,23.4,16.7,22.0,YES,GT,NG,FO2,0.8
R1381,Astoria Generating Company L.P.,Gowanus 2-2,J,24115,Brooklyn,047,36,1971-06-01,20.0,18.8,24.6,17.0,22.3,YES,GT,NG,FO2,0.5
R1382,Astoria Generating Company L.P.,Gowanus 2-3,J,24116,Brooklyn,047,36,1971-06-01,20.0,20.6,26.9,19.1,24.3,YES,GT,NG,FO2,1.3
R1383,Astoria Generating Company L.P.,Gowanus 2-4,J,24117,Brooklyn,047,36,1971-06-01,20.0,19.3,25.2,16.9,20.0,YES,GT,NG,FO2,0.6
R1384,Astoria Generating Company L.P.,Gowanus 2-5,J,24118,Brooklyn,047,36,1971-06-01,20.0,18.6,24.3,17.5,22.9,YES,GT,NG,FO2,0.8
R1385,Astoria Generating Company L.P.,Gowanus 2-6,J,24119,Brooklyn,047,36,1971-06-01,20.0,20.3,26.5,19.0,23.7,YES,GT,NG,FO2,0.6
R1386,Astoria Generating Company L.P.,Gowanus 2-7,J,24120,Brooklyn,047,36,1971-06-01,20.0,19.6,25.6,18.4,24.2,YES,GT,NG,FO2,1.0
R1387,Astoria Generating Company L.P.,Gowanus 2-8,J,24121,Brooklyn,047,36,1971-06-01,20.0,17.7,23.1,17.6,23.1,YES,GT,NG,FO2,0.8
R1388,Astoria Generating Company L.P.,Gowanus 3-1,J,24122,Brooklyn,047,36,1971-07-01,20.0,17.7,23.1,16.7,22.0,YES,GT,NG,FO2,0.3
R1389,Astoria Generating Company L.P.,Gowanus 3-2,J,24123,Brooklyn,047,36,1971-07-01,20.0,17.7,23.1,16.8,22.3,YES,GT,NG,FO2,0.6
R1390,Astoria Generating Company L.P.,Gowanus 3-3,J,24124,Brooklyn,047,36,1971-07-01,20.0,19.8,25.9,18.1,24.2,YES,GT,NG,FO2,0.6
R1391,Astoria Generating Company L.P.,Gowanus 3-4,J,24125,Brooklyn,047,36,1971-07-01,20.0,17.9,23.4,16.7,22.0,YES,GT,NG,FO2,0.4
R1392,Astoria Generating Company L.P.,Gowanus 3-5,J,24126,Brooklyn,047,36,1971-07-01,20.0,19.0,24.8,17.9,21.8,YES,GT,NG,FO2,0.8
R1393,Astoria Generating Company L.P.,Gowanus 3-6,J,24127,Brooklyn,047,36,1971-07-01,20.0,17.6,23.0,16.4,20.4,YES,GT,NG,FO2,0.4
R1394,Astoria Generating Company L.P.,Gowanus 3-7,J,24128,Brooklyn,047,36,1971-07-01,20.0,18.1,23.6,18.9,23.7,YES,GT,NG,FO2,0.9
R1395,Astoria Generating Company L.P.,Gowanus 3-8,J,24129,Brooklyn,047,36,1971-07-01,20.0,19.0,24.8,18.7,23.7,YES,GT,NG,FO2,0.9
R1396,New York Power Authority,Gowanus 5,J,24156,Brooklyn,047,36,2001-08-01,47.0,45.4,45.4,40.0,40.0,,GT,NG,,54.2
R1397,New York Power Authority,Gowanus 6,J,24157,Brooklyn,047,36,2001-08-01,47.0,46.1,46.1,39.9,39.9,,GT,NG,,49.5
R1398,New York Power Authority,Kent,J,24152,Brooklyn,047,36,2001-08-01,47.0,46.9,46.9,46.0,46.0,,GT,NG,,69.1
R1399,New York Power Authority,Pouch,J,24155,Staten Island,085,36,2001-08-01,47.0,47.1,47.1,44.7,46.0,,GT,NG,,77.4
R1400,New York Power Authority,Hellgate 1,J,24158,Bronx,005,36,2001-08-01,47.0,45.0,45.0,39.9,39.9,,GT,NG,,58.3
R1401,New York Power Authority,Hellgate 2,J,24159,Bronx,005,36,2001-08-01,47.0,45.0,45.0,39.6,40.0,,GT,NG,,49.8
R1402,New York Power Authority,Harlem River 1,J,24160,Bronx,005,36,2001-08-01,47.0,46.0,46.0,39.9,39.9,,GT,NG,,59.6
R1403,New York Power Authority,Harlem River 2,J,24161,Bronx,005,36,2001-08-01,47.0,45.2,45.2,39.6,40.0,,GT,NG,,51.8
R1404,New York Power Authority,Vernon Blvd 2,J,24162,Queens,081,36,2001-08-01,47.0,46.2,46.2,40.0,40.0,,GT,NG,,65.6
R1405,New York Power Authority,Vernon Blvd 3,J,24163,Queens,081,36,2001-08-01,47.0,43.8,43.8,39.9,39.9,,GT,NG,,55.1
R1406,Astoria Generating Company L.P.,Narrows 1-1,J,24228,Brooklyn,047,36,1972-05-01,22.0,21.0,27.4,18.1,23.9,YES,GT,NG,FO2,2.8
R1407,Astoria Generating Company L.P.,Narrows 1-2,J,24229,Brooklyn,047,36,1972-05-01,22.0,19.5,25.5,16.8,22.4,YES,GT,NG,FO2,1.7
R1408,Astoria Generating Company L.P.,Narrows 1-3,J,24230,Brooklyn,047,36,1972-05-01,22.0,20.4,26.6,17.4,23.0,YES,GT,NG,FO2,1.9
R1409,Astoria Generating Company L.P.,Narrows 1-4,J,24231,Brooklyn,047,36,1972-05-01,22.0,20.1,26.3,18.0,23.5,YES,GT,NG,FO2,2.5
R1410,Astoria Generating Company L.P.,Narrows 1-5,J,24232,Brooklyn,047,36,1972-05-01,22.0,19.8,25.9,19.1,24.6,YES,GT,NG,FO2,3.9
R1411,Astoria Generating Company L.P.,Narrows 1-6,J,24233,Brooklyn,047,36,1972-05-01,22.0,18.9,24.7,15.6,20.8,YES,GT,NG,FO2,1.2
R1412,Astoria Generating Company L.P.,Narrows 1-7,J,24234,Brooklyn,047,36,1972-05-01,22.0,18.4,24.0,18.4,24.4,YES,GT,NG,FO2,3.0
R1413,Astoria Generating Company L.P.,Narrows 1-8,J,24235,Brooklyn,047,36,1972-05-01,22.0,19.9,26.0,16.3,22.3,YES,GT,NG,FO2,1.2
R1414,Astoria Generating Company L.P.,Narrows 2-1,J,24236,Brooklyn,047,36,1972-06-01,22.0,19.4,25.3,19.3,23.9,YES,GT,NG,FO2,3.2
R1415,Astoria Generating Company L.P.,Narrows 2-2,J,24237,Brooklyn,047,36,1972-06-01,22.0,18.7,24.4,16.7,21.9,YES,GT,NG,FO2,1.7
R1416,Astoria Generating Company L.P.,Narrows 2-3,J,24238,Brooklyn,047,36,1972-06-01,22.0,18.4,24.0,17.9,23.3,YES,GT,NG,FO2,2.3
R1417,Astoria Generating Company L.P.,Narrows 2-4,J,24239,Brooklyn,047,36,1972-06-01,22.0,18.4,24.0,18.7,24.9,YES,GT,NG,FO2,3.6
R1418,Astoria Generating Company L.P.,Narrows 2-5,J,24240,Brooklyn,047,36,1972-06-01,22.0,19.9,26.0,20.4,24.9,YES,GT,NG,FO2,4.1
R1419,Astoria Generating Company L.P.,Narrows 2-6,J,24241,Brooklyn,047,36,1972-06-01,22.0,18.1,23.6,20.0,21.9,YES,GT,NG,FO2,3.2
R1420,Astoria Generating Company L.P.,Narrows 2-7,J,24242,Brooklyn,047,36,1972-06-01,22.0,20.7,27.0,18.6,24.9,YES,GT,NG,FO2,2.2
R1421,Astoria Generating Company L.P.,Narrows 2-8,J,24243,Brooklyn,047,36,1972-06-01,22.0,17.5,22.9,17.0,21.9,YES,GT,NG,FO2,1.2
R1422,New York Power Authority,Astoria CC 1,J,323568,Queens,081,36,2006-01-01,288.0,246.2,270.2,237.0,270.2,YES,CC,NG,FO2,"3,686.7"
R1423,New York Power Authority,Astoria CC 2,J,323569,Queens,081,36,2006-01-01,288.0,246.2,270.2,237.0,270.2,YES,CC,NG,FO2,
R1424,Astoria Energy LLC,Astoria East Energy - CC1,J,323581,Queens,081,36,2006-04-01,320.0,292.6,355.3,291.4,334.9,YES,CC,NG,FO2,"4,145.0"
R1425,Astoria Energy LLC,Astoria East Energy - CC2,J,323582,Queens,081,36,2006-04-01,320.0,292.6,355.3,291.4,334.9,YES,CC,NG,FO2,
R1426,"Astoria Energy II, LLC",Astoria Energy 2 - CC3,J,323677,Queens,081,36,2011-07-01,330.0,288.0,376.3,285.0,329.8,YES,CC,NG,FO2,"3,971.3"
R1427,"Astoria Energy II, LLC",Astoria Energy 2 - CC4,J,323678,Queens,081,36,2011-07-01,330.0,288.0,376.3,285.3,329.8,YES,CC,NG,FO2,
R1428,"Bayonne Energy Center, LLC",Bayonne EC  CTG1,J,323682,Bayonne NJ,017,34,2012-06-01,66.0,63.2,66.1,62.0,63.5,YES,JE,NG,KER,80.9
R1429,"Bayonne Energy Center, LLC",Bayonne EC  CTG2,J,323683,Bayonne NJ,017,34,2012-06-01,66.0,63.2,66.1,58.0,61.7,YES,JE,NG,KER,29.2
R1430,"Bayonne Energy Center, LLC",Bayonne EC  CTG3,J,323684,Bayonne NJ,017,34,2012-06-01,66.0,63.2,66.1,58.1,63.5,YES,JE,NG,KER,60.7
R1431,"Bayonne Energy Center, LLC",Bayonne EC  CTG4,J,323685,Bayonne NJ,017,34,2012-06-01,66.0,63.2,66.1,61.1,63.3,YES,JE,NG,KER,72.1
R1432,"Bayonne Energy Center, LLC",Bayonne EC  CTG5,J,323686,Bayonne NJ,017,34,2012-06-01,66.0,63.2,66.1,61.8,61.6,YES,JE,NG,KER,59.6
R1433,"Bayonne Energy Center, LLC",Bayonne EC  CTG6,J,323687,Bayonne NJ,017,34,2012-06-01,66.0,63.2,66.1,61.4,62.7,YES,JE,NG,KER,20.5
R1434,"Bayonne Energy Center, LLC",Bayonne EC  CTG7,J,323688,Bayonne NJ,017,34,2012-06-01,66.0,63.2,66.1,59.7,63.1,YES,JE,NG,KER,50.6
R1435,"Bayonne Energy Center, LLC",Bayonne EC  CTG8,J,323689,Bayonne NJ,017,34,2012-06-01,66.0,63.2,66.1,60.0,63.5,YES,JE,NG,KER,80.6
R1436,"Bayonne Energy Center, LLC",Bayonne EC  CTG9,J,323749,Bayonne NJ,017,34,2018-06-01,66.0,63.4,66.3,61.3,65.0,YES,JE,NG,KER,58.5
R1437,"Bayonne Energy Center, LLC",Bayonne EC  CTG10,J,323750,Bayonne NJ,017,34,2018-06-01,66.0,63.4,66.3,61.4,64.9,YES,JE,NG,KER,77.8
R1438,New York Power Authority,Greenport IC 4,K,1652,Greenport,103,36,1957-06-06,1.2,1.7,1.7,1.0,1.0,,IC,FO2,,0.0
R1439,New York Power Authority,Greenport IC 5,K,1652,Greenport,103,36,1965-07-08,1.8,1.7,1.7,1.5,1.4,,IC,FO2,,0.0
R1440,New York Power Authority,Greenport IC 6,K,1652,Greenport,103,36,1971-09-17,3.8,2.7,2.7,3.1,3.1,,IC,FO2,,0.0
R1441,Freeport Electric,Freeport 1-2,K,1660,Freeport,059,36,1949-08-01,2.9,2.0,2.0,2.3,2.7,,IC,FO2,,0.0
R1442,Freeport Electric,Freeport 1-3,K,1660,Freeport,059,36,1954-08-01,3.4,2.1,2.1,2.7,3.3,,IC,FO2,,0.0
R1443,Freeport Electric,Freeport 2-3,K,1660,Freeport,059,36,1973-05-01,18.2,18.1,18.1,14.2,17.5,,GT,KER,,0.1
R1444,"Rockville Centre, Village of",Charles P Keller 09,K,1661,Rockville Centre,059,36,1954-09-01,3.5,3.3,3.3,1.6,1.9,YES,IC,NG,FO2,0.0
R1445,"Rockville Centre, Village of",Charles P Keller 10,K,1661,Rockville Centre,059,36,1954-09-01,3.5,3.2,3.2,1.6,1.9,YES,IC,NG,FO2,0.0
R1446,"Rockville Centre, Village of",Charles P Keller 11,K,1661,Rockville Centre,059,36,1962-09-01,5.2,5.2,5.2,2.4,2.8,YES,IC,NG,FO2,0.0
R1447,"Rockville Centre, Village of",Charles P Keller 12,K,1661,Rockville Centre,059,36,1967-09-01,5.5,5.5,5.5,2.5,3.0,YES,IC,NG,FO2,0.0
R1448,"Rockville Centre, Village of",Charles P Keller 13,K,1661,Rockville Centre,059,36,1974-09-01,5.5,5.6,5.6,2.5,3.0,YES,IC,NG,FO2,0.0
R1449,"Rockville Centre, Village of",Charles P Keller 14,K,1661,Rockville Centre,059,36,1994-09-01,6.2,6.3,6.3,2.9,3.5,YES,IC,NG,FO2,0.0
R1450,Long Island Power Authority,Wading River 1,K,23522,Shoreham,103,36,1989-08-01,79.5,81.2,106.1,77.6,96.7,,GT,FO2,,1.5
R1451,Long Island Power Authority,Wading River 2,K,23547,Shoreham,103,36,1989-08-01,79.5,81.3,106.2,64.3,86.6,,GT,FO2,,1.8
R1452,Long Island Power Authority,Wading River 3,K,23601,Shoreham,103,36,1989-08-01,79.5,81.3,106.2,72.9,95.8,,GT,FO2,,2.7
R1453,Long Island Power Authority,Barrett ST 01,K,23545,Island Park,059,36,1956-11-01,188.0,200.2,200.2,192.0,193.7,YES,ST,NG,FO6,216.1
R1454,Long Island Power Authority,Barrett ST 02,K,23546,Island Park,059,36,1963-10-01,188.0,197.5,197.5,188.5,189.5,YES,ST,NG,FO6,847.3
R1455,Long Island Power Authority,Barrett GT 01,K,23704,Island Park,059,36,1970-06-01,18.0,18.1,23.6,13.7,18.7,YES,GT,NG,FO2,4.4
R1456,Long Island Power Authority,Barrett GT 02,K,23705,Island Park,059,36,1970-06-01,18.0,17.4,22.7,13.6,18.5,YES,GT,NG,FO2,5.0
R1457,Long Island Power Authority,Barrett 03,K,23706,Island Park,059,36,1970-06-01,18.0,17.9,23.4,12.2,18.5,YES,GT,NG,FO2,1.0
R1458,Long Island Power Authority,Barrett 04,K,23707,Island Park,059,36,1970-07-01,18.0,17.7,23.1,14.5,19.0,YES,GT,NG,FO2,3.0
R1459,Long Island Power Authority,Barrett 05,K,23708,Island Park,059,36,1970-07-01,18.0,17.8,23.3,12.0,16.3,YES,GT,NG,FO2,2.2
R1460,Long Island Power Authority,Barrett 06,K,23709,Island Park,059,36,1970-07-01,18.0,17.8,23.3,12.9,17.2,YES,GT,NG,FO2,2.7
R1461,Long Island Power Authority,Barrett 08,K,23711,Island Park,059,36,1970-07-01,18.0,17.3,22.6,12.8,16.7,YES,GT,NG,FO2,2.9
R1462,Long Island Power Authority,Barrett 09,K,23700,Island Park,059,36,1971-06-01,41.8,43.4,55.2,38.6,48.8,YES,JE,NG,FO2,20.6
R1463,Long Island Power Authority,Barrett 10,K,23701,Island Park,059,36,1971-06-01,41.8,42.7,54.3,39.2,50.4,YES,JE,NG,FO2,28.9
R1464,Long Island Power Authority,Barrett 11,K,23702,Island Park,059,36,1971-06-01,41.8,43.3,55.1,38.2,42.6,YES,JE,NG,FO2,23.9
R1465,Long Island Power Authority,Barrett 12,K,23703,Island Park,059,36,1971-06-01,41.8,44.0,56.0,38.9,50.3,YES,JE,NG,FO2,25.7
R1466,Long Island Power Authority,Northport 1,K,23551,Northport,103,36,1967-07-01,387.0,395.0,395.0,399.0,398.7,YES,ST,NG,FO6,890.0
R1467,Long Island Power Authority,Northport 2,K,23552,Northport,103,36,1968-06-01,387.0,396.0,396.0,399.0,398.2,YES,ST,NG,FO6,"1,010.2"
R1468,Long Island Power Authority,Northport 3,K,23553,Northport,103,36,1972-07-01,387.0,399.2,399.2,386.2,392.2,YES,ST,NG,FO6,551.9
R1469,Long Island Power Authority,Northport 4,K,23650,Northport,103,36,1977-12-01,387.0,399.2,399.2,398.0,398.7,YES,ST,NG,FO6,"1,252.9"
R1470,Long Island Power Authority,Port Jefferson GT 02,K,24210,Port Jefferson,103,36,2002-07-01,53.0,44.0,52.0,39.1,45.3,YES,GT,NG,FO2,36.3
R1471,Long Island Power Authority,Port Jefferson GT 03,K,24211,Port Jefferson,103,36,2002-07-01,53.0,43.1,50.9,40.2,47.2,YES,GT,NG,FO2,31.4
R1472,Long Island Power Authority,Port Jefferson 3,K,23555,Port Jefferson,103,36,1958-11-01,188.0,194.5,194.5,191.0,194.5,YES,ST,NG,FO6,91.0
R1473,Long Island Power Authority,Port Jefferson 4,K,23616,Port Jefferson,103,36,1960-11-01,188.0,198.7,198.7,189.0,193.7,YES,ST,NG,FO6,168.3
R1474,Long Island Power Authority,Hempstead (RR),K,23647,Hempstead,059,36,1989-10-01,78.6,73.7,73.7,74.2,76.0,,ST,REF,,596.4
R1475,Long Island Power Authority,Glenwood GT 02,K,23688,Glenwood,059,36,1972-06-01,55.0,52.7,68.8,40.3,57.8,,GT,FO2,,1.0
R1476,Long Island Power Authority,Glenwood GT 03,K,23689,Glenwood,059,36,1972-06-01,55.0,54.7,71.5,54.1,66.6,,GT,FO2,,1.7
R1477,Long Island Power Authority,Glenwood GT 04,K,24219,Glenwood,059,36,2002-06-01,53.0,42.3,50.0,41.9,45.8,YES,GT,NG,FO2,69.4
R1478,Long Island Power Authority,Glenwood GT 05,K,24220,Glenwood,059,36,2002-06-01,53.0,42.0,49.6,41.7,46.4,YES,GT,NG,FO2,66.4
R1479,Long Island Power Authority,Holtsville 01,K,23690,Holtsville,103,36,1974-07-01,56.7,56.7,72.1,54.2,66.9,,JE,FO2,,4.9
R1480,Long Island Power Authority,Holtsville 02,K,23691,Holtsville,103,36,1974-07-01,56.7,55.3,70.3,56.8,65.9,,JE,FO2,,1.6
R1481,Long Island Power Authority,Holtsville 03,K,23692,Holtsville,103,36,1974-07-01,56.7,52.1,66.3,51.2,63.3,,JE,FO2,,2.5
R1482,Long Island Power Authority,Holtsville 04,K,23693,Holtsville,103,36,1974-07-01,56.7,52.7,67.0,53.0,61.0,,JE,FO2,,1.7
R1483,Long Island Power Authority,Holtsville 05,K,23694,Holtsville,103,36,1974-07-01,56.7,55.3,70.3,52.6,62.5,,JE,FO2,,1.0
R1484,Long Island Power Authority,Holtsville 06,K,23695,Holtsville,103,36,1975-07-01,56.7,53.0,67.4,49.4,58.1,,JE,FO2,,3.4
R1485,Long Island Power Authority,Holtsville 07,K,23696,Holtsville,103,36,1975-07-01,56.7,55.1,70.1,54.0,63.6,,JE,FO2,,2.0
R1486,Long Island Power Authority,Holtsville 08,K,23697,Holtsville,103,36,1975-07-01,56.7,57.4,73.0,49.9,64.8,,JE,FO2,,1.2
R1487,Long Island Power Authority,Holtsville 09,K,23698,Holtsville,103,36,1975-07-01,56.7,57.5,73.1,55.4,67.7,,JE,FO2,,1.6
R1488,Long Island Power Authority,Holtsville 10,K,23699,Holtsville,103,36,1975-07-01,56.7,55.1,70.1,51.4,62.8,,JE,FO2,,1.3
R1489,Long Island Power Authority,Shoreham 1,K,23715,Shoreham,103,36,1971-07-01,52.9,48.9,63.9,46.0,50.7,,GT,FO2,,0.3
R1490,Long Island Power Authority,Shoreham 2,K,23716,Shoreham,103,36,1984-04-01,18.6,18.5,23.5,16.7,21.3,,JE,FO2,,0.1
R1491,Spotlight Power LLC,Shoreham GT3,K,24213,Shoreham,103,36,2002-08-01,50.0,45.4,45.4,42.9,44.4,,GT,FO2,,0.9
R1492,Spotlight Power LLC,Shoreham GT4,K,24214,Shoreham,103,36,2002-08-01,50.0,43.9,43.9,41.8,44.9,,GT,FO2,,0.5
R1493,Long Island Power Authority,East Hampton GT 01,K,23717,E Hampton,103,36,1970-12-01,21.3,19.2,24.4,18.4,24.1,,JE,FO2,,9.7
R1494,Long Island Power Authority,East Hampton 2,K,23722,E Hampton,103,36,1962-12-01,2.0,2.0,2.0,1.8,1.7,,IC,FO2,,0.6
R1495,Long Island Power Authority,East Hampton 3,K,23722,E Hampton,103,36,1962-12-01,2.0,2.0,2.0,1.8,1.7,,IC,FO2,,0.6
R1496,Long Island Power Authority,East Hampton 4,K,23722,E Hampton,103,36,1962-12-01,2.0,2.0,2.0,1.8,1.7,,IC,FO2,,0.6
R1497,Long Island Power Authority,Southold 1,K,23719,Southold,103,36,1964-08-01,14.0,12.3,16.1,9.5,12.3,,GT,FO2,,0.7
R1498,Long Island Power Authority,S Hampton 1,K,23720,South Hampton,103,36,1963-03-01,11.5,10.3,13.5,8.1,11.2,,GT,FO2,,0.0
R1499,Spotlight Power LLC,Freeport CT 1,K,23764,Freeport,059,36,2004-06-01,60.0,48.3,51.3,45.8,48.4,YES,GT,NG,FO2,45.4
R1500,Freeport Electric,Freeport CT 2,K,23818,Freeport,059,36,2004-03-01,50.0,50.3,50.3,43.0,43.0,YES,GT,NG,KER,31.1
R1501,New York Power Authority,Flynn,K,23794,Holtsville,103,36,1994-05-01,170.0,135.5,168.4,139.5,160.0,YES,CC,NG,FO2,472.8
R1502,Long Island Power Authority,Greenport GT1,K,23814,Greenport,103,36,2003-07-02,54.0,51.9,52.4,51.0,56.7,,JE,FO2,,24.0
R1503,"MPH Rockaway Peakers, LLC",Far Rockaway GT1,K,24212,Far Rockaway,081,36,2002-07-01,60.5,53.5,73.1,48.9,52.6,,JE,NG,,42.5
R1504,"MPH Rockaway Peakers, LLC",Far Rockaway GT2,K,23815,Jamaica Bay,081,36,2003-07-02,60.5,55.4,75.7,55.7,59.0,YES,JE,NG,FO2,25.4
R1505,Calpine Energy Services LP,Bethpage,K,23823,Hicksville,059,36,1989-09-01,83.6,54.9,55.1,51.0,57.6,YES,CC,NG,FO2,202.7
R1506,Long Island Power Authority,Bethpage 3,K,323564,Hicksville,059,36,2005-05-01,96.0,79.9,91.4,75.7,76.8,,CC,NG,,262.4
R1507,Calpine Energy Services LP,Bethpage GT4,K,323586,Hicksville,059,36,2002-07-01,60.0,48.2,51.2,43.7,45.7,,GT,NG,,106.9
R1508,Calpine Energy Services LP,Stony Brook   (BTM:NG),K,24151,Stony Brook,103,36,1995-04-01,47.0,0.0,0.0,0.0,0.0,YES,GT,NG,FO2,309.3
R1509,New York Power Authority,Brentwood,K,24164,Brentwood,103,36,2001-08-01,47.0,47.1,47.1,45.0,46.0,,GT,NG,,38.7
R1510,Spotlight Power LLC,Pilgrim GT1,K,24216,Brentwood,103,36,2002-08-01,50.0,45.6,45.6,41.3,45.6,,GT,NG,,19.8
R1511,Spotlight Power LLC,Pilgrim GT2,K,24217,Brentwood,103,36,2002-08-01,50.0,46.2,46.2,42.3,46.3,,GT,NG,,20.1
R1512,Long Island Power Authority,Pinelawn Power 1,K,323563,Babylon,103,36,2005-06-01,82.0,78.0,78.0,73.6,76.5,YES,CC,NG,KER,76.6
R1513,Long Island Power Authority,Caithness_CC_1,K,323624,Brookhaven,103,36,2009-08-01,375.0,315.6,389.8,313.5,361.1,YES,CC,NG,FO2,"1,853.6"
R1514,Long Island Power Authority,Islip (RR),K,323679,Ronkonkoma,103,36,1990-03-01,12.5,11.2,11.2,8.0,8.1,,ST,REF,,53.6
R1515,Long Island Power Authority,Long Island Solar Farm,K,323691,Upton,103,36,2011-11-01,31.5,31.5,31.5,31.5,31.5,,PV,SUN,,49.5
R1516,Long Island Power Authority,Calverton Solar,K,323806,Riverhead,103,36,2022-06-02,22.9,22.9,22.9,22.9,22.9,,PV,SUN,,43.7
R1517,Long Island Power Authority,South Fork Wind,K,323839,E Hampton,103,36,2024-07-16,136.0,136.0,136.0,132.0,132.0,,WT,OSW,,190.9
R1518,Long Island Power Authority,Babylon (RR),K,323704,Babylon,103,36,1989-04-01,17.0,15.5,15.5,15.7,16.0,,ST,REF,,123.9
R1519,Long Island Power Authority,Huntington (RR),K,323705,Huntington,103,36,1991-12-01,28.0,24.7,24.7,24.8,24.8,,ST,REF,,195.8