ID,NYISO_Name,PTID,Unit_Type,Fuel_Type_Primary,Fuel_Type_Secondary,CAMD_Plant_ID,CAMD_Unit_ID,raise_rr_ratio,lower_rr_ratio,max_gen,eco_min,eco_min_ratio,heat_1,heat_0,gen_bus,Zone,max_ramp_ratio,max_ramp_hourly,eco_min_heat_input
"(2480,1)",Danskammer 1,23586,ST,NG,FO6,2480,1,0.5,0.621621622,74,17.76,0.24,13.13295313,150.3283149,77,G,0.621621622,46,383.5695625
"(2480,2)",Danskammer 2,23589,ST,NG,FO6,2480,2,0.394366197,0.507042254,71,15.62,0.22,11.31461753,65.2906448,77,G,0.507042254,36,242.0249707
"(2480,3)",Danskammer 3,23590,ST,NG,,2480,3,0.382550336,0.503355705,149,53.64,0.36,5.579321953,556.4136952,77,G,0.503355705,75,855.6885248
"(2480,4)",Danskammer 4,23591,ST,NG,,2480,4,0.35021097,0.506329114,237,66.36,0.28,8.069487767,83.18775967,77,G,0.506329114,120,618.6789679
"(2490,20)",Arthur Kill ST 2,23512,ST,NG,,2490,20,0.421487603,0.876033058,363,94.38,0.26,8.503719782,253.4582913,82,J,0.876033058,318,1056.039364
"(2490,30)",Arthur Kill ST 3,23513,ST,NG,,2490,30,0.315018315,0.375457875,546,152.88,0.28,8.434699391,440.6519753,82,J,0.375457875,205,1730.148818
"(2490,CT0001)",Arthur Kill GT 1,23520,CT,NG,,2490,CT0001,1,1,15,12,0.8,11.098,0,82,J,1,15,133.176
"(2493,1)",East River 1,323558,CC,NG,KER,2493,1,0.462837838,0.341216216,296,76.96,0.26,7.694381635,441.686839,82,J,0.462837838,137,1033.84645
"(2493,2)",East River 2,323559,CC,NG,KER,2493,2,0.566552901,0.368600683,293,76.18,0.26,7.765665222,413.5000598,82,J,0.566552901,166,1005.088436
"(2494,CT02-1)",Gowanus 2-1,24114,CT,FO2,NG,2494,CT02-1,1,1,16,12.8,0.8,13.315,0,82,J,1,16,170.432
"(2494,CT02-2)",Gowanus 2-2,24115,CT,FO2,NG,2494,CT02-2,1,1,16,12.8,0.8,13.315,0,82,J,1,16,170.432
"(2494,CT02-3)",Gowanus 2-3,24116,CT,FO2,NG,2494,CT02-3,1,1,16,12.8,0.8,13.315,0,82,J,1,16,170.432
"(2494,CT02-4)",Gowanus 2-4,24117,CT,FO2,NG,2494,CT02-4,1,1,16,12.8,0.8,13.315,0,82,J,1,16,170.432
"(2494,CT02-5)",Gowanus 2-5,24118,CT,FO2,NG,2494,CT02-5,1,1,16,12.8,0.8,13.315,0,82,J,1,16,170.432
"(2494,CT02-6)",Gowanus 2-6,24119,CT,FO2,NG,2494,CT02-6,1,1,16,12.8,0.8,13.315,0,82,J,1,16,170.432
"(2494,CT02-7)",Gowanus 2-7,24120,CT,FO2,NG,2494,CT02-7,1,1,16,12.8,0.8,13.315,0,82,J,1,16,170.432
"(2494,CT02-8)",Gowanus 2-8,24121,CT,FO2,NG,2494,CT02-8,1,1,16,12.8,0.8,13.315,0,82,J,1,16,170.432
"(2494,CT03-1)",Gowanus 3-1,24122,CT,FO2,NG,2494,CT03-1,1,1,15,12,0.8,13.315,0,82,J,1,15,159.78
"(2494,CT03-2)",Gowanus 3-2,24123,CT,FO2,NG,2494,CT03-2,1,1,15,12,0.8,13.315,0,82,J,1,15,159.78
"(2494,CT03-3)",Gowanus 3-3,24124,CT,FO2,NG,2494,CT03-3,1,1,15,12,0.8,13.315,0,82,J,1,15,159.78
"(2494,CT03-4)",Gowanus 3-4,24125,CT,FO2,NG,2494,CT03-4,1,1,15,12,0.8,13.315,0,82,J,1,15,159.78
"(2494,CT03-5)",Gowanus 3-5,24126,CT,FO2,NG,2494,CT03-5,1,1,15,12,0.8,13.315,0,82,J,1,15,159.78
"(2494,CT03-6)",Gowanus 3-6,24127,CT,FO2,NG,2494,CT03-6,1,1,15,12,0.8,13.315,0,82,J,1,15,159.78
"(2494,CT03-7)",Gowanus 3-7,24128,CT,FO2,NG,2494,CT03-7,1,1,15,12,0.8,13.315,0,82,J,1,15,159.78
"(2494,CT03-8)",Gowanus 3-8,24129,CT,FO2,NG,2494,CT03-8,1,1,15,12,0.8,13.315,0,82,J,1,15,159.78
"(2499,CT01-1)",Narrows 1-1,24228,CT,FO2,NG,2499,CT01-1,1,1,17,13.6,0.8,13.315,0,82,J,1,17,181.084
"(2499,CT01-2)",Narrows 1-2,24229,CT,FO2,NG,2499,CT01-2,1,1,17,13.6,0.8,13.315,0,82,J,1,17,181.084
"(2499,CT01-3)",Narrows 1-3,24230,CT,FO2,NG,2499,CT01-3,1,1,17,13.6,0.8,13.315,0,82,J,1,17,181.084
"(2499,CT01-4)",Narrows 1-4,24231,CT,FO2,NG,2499,CT01-4,1,1,17,13.6,0.8,13.315,0,82,J,1,17,181.084
"(2499,CT01-5)",Narrows 1-5,24232,CT,FO2,NG,2499,CT01-5,1,1,17,13.6,0.8,13.315,0,82,J,1,17,181.084
"(2499,CT01-6)",Narrows 1-6,24233,CT,FO2,NG,2499,CT01-6,1,1,17,13.6,0.8,13.315,0,82,J,1,17,181.084
"(2499,CT01-7)",Narrows 1-7,24234,CT,FO2,NG,2499,CT01-7,1,1,17,13.6,0.8,13.315,0,82,J,1,17,181.084
"(2499,CT01-8)",Narrows 1-8,24235,CT,FO2,NG,2499,CT01-8,1,1,17,13.6,0.8,13.315,0,82,J,1,17,181.084
"(2499,CT02-1)",Narrows 2-1,24236,CT,FO2,NG,2499,CT02-1,1,1,17,13.6,0.8,13.315,0,82,J,1,17,181.084
"(2499,CT02-2)",Narrows 2-2,24237,CT,FO2,NG,2499,CT02-2,1,1,17,13.6,0.8,13.315,0,82,J,1,17,181.084
"(2499,CT02-3)",Narrows 2-3,24238,CT,FO2,NG,2499,CT02-3,1,1,17,13.6,0.8,13.315,0,82,J,1,17,181.084
"(2499,CT02-4)",Narrows 2-4,24239,CT,FO2,NG,2499,CT02-4,1,1,17,13.6,0.8,13.315,0,82,J,1,17,181.084
"(2499,CT02-5)",Narrows 2-5,24240,CT,FO2,NG,2499,CT02-5,1,1,17,13.6,0.8,13.315,0,82,J,1,17,181.084
"(2499,CT02-6)",Narrows 2-6,24241,CT,FO2,NG,2499,CT02-6,1,1,17,13.6,0.8,13.315,0,82,J,1,17,181.084
"(2499,CT02-7)",Narrows 2-7,24242,CT,FO2,NG,2499,CT02-7,1,1,17,13.6,0.8,13.315,0,82,J,1,17,181.084
"(2499,CT02-8)",Narrows 2-8,24243,CT,FO2,NG,2499,CT02-8,1,1,17,13.6,0.8,13.315,0,82,J,1,17,181.084
"(2500,10)",Ravenswood ST 01,23533,ST,FO6,NG,2500,10,0.450276243,0.450276243,362,50.68,0.14,8.764914237,483.4966771,82,J,0.450276243,163,927.7025306
"(2500,20)",Ravenswood ST 02,23534,ST,FO6,NG,2500,20,0.422279793,0.424870466,386,77.2,0.2,10.236,0,82,J,0.424870466,164,790.2192
"(2500,30)",Ravenswood ST 03,23535,ST,FO6,NG,2500,30,0.417251755,0.478435306,997,139.58,0.14,8.893410227,620.3955017,82,J,0.478435306,477,1861.737701
"(2500,CT0010)",Ravenswood 10,24258,CT,KER,NG,2500,CT0010,0.181818182,0.136363636,22,14.4,0.654545455,4.258167999,104.2425822,82,J,0.181818182,4,165.5602014
"(2500,UCC001)",Ravenswood CC 04,23820,CC,NG,FO2,2500,UCC001,0.450184502,0.520295203,271,135.5,0.5,5.502199547,398.6316164,82,J,0.520295203,141,1144.179655
"(2503,CT0001)",59 St.  GT 1,24138,CT,KER,NG,2503,CT0001,1,1,14,11.2,0.8,13.315,0,82,J,1,14,149.128
"(2504,CT0001)",74 St.  GT 1,24260,CT,KER,,2504,CT0001,1,1,14,11.2,0.8,13.315,0,82,J,1,14,149.128
"(2504,CT0002)",74 St.  GT 2,24261,CT,KER,,2504,CT0002,1,1,14,11.2,0.8,13.315,0,82,J,1,14,149.128
"(2511,10)",Barrett ST 01,23545,ST,NG,FO6,2511,10,0.468599034,0.845410628,207,41.4,0.2,10.26397865,44.77493251,79,K,0.845410628,175,469.7036488
"(2511,20)",Barrett ST 02,23546,ST,NG,FO6,2511,20,0.424242424,0.48989899,198,43.56,0.22,9.907729644,41.17515724,79,K,0.48989899,97,472.7558605
"(2511,U00004)",Barrett GT 01,23704,CT,NG,FO2,2511,U00004,0.777777778,0.944444444,18,11.88,0.66,11.48994401,62.10263274,79,K,0.944444444,17,198.6031676
"(2511,U00005)",Barrett GT 02,23705,CT,NG,FO2,2511,U00005,0.823529412,0.882352941,17,10.88,0.64,14.76009517,22.37948755,79,K,0.882352941,15,182.969323
"(2511,U00006)",Barrett 03,23706,CT,NG,FO2,2511,U00006,0.666666667,0.888888889,18,9,0.5,13.17970911,36.49529994,79,K,0.888888889,16,155.1126819
"(2511,U00007)",Barrett 04,23707,CT,NG,FO2,2511,U00007,0.833333333,0.833333333,18,9,0.5,14.12108092,25.84879505,79,K,0.833333333,15,152.9385233
"(2511,U00008)",Barrett 05,23708,CT,NG,FO2,2511,U00008,0.789473684,0.736842105,19,9.5,0.5,13.66829851,32.06412594,79,K,0.789473684,15,161.9129618
"(2511,U00009)",Barrett 06,23709,CT,NG,FO2,2511,U00009,0.666666667,0.833333333,18,9,0.5,16.46171656,0,79,K,0.833333333,15,148.1554491
"(2511,U00011)",Barrett 08,23711,CT,NG,FO2,2511,U00011,0.666666667,0.722222222,18,9,0.5,15.29009299,13.19130901,79,K,0.722222222,13,150.8021459
"(2511,U00012)",Barrett 09,23700,CT,NG,FO2,2511,U00012,0.875,0.791666667,24,12,0.5,11.77946214,72.7994054,79,K,0.875,21,214.1529511
"(2511,U00014)",Barrett 10,23701,CT,NG,FO2,2511,U00014,0.826086957,0.782608696,23,11.5,0.5,14.88897892,25.65473372,79,K,0.826086957,19,196.8779912
"(2511,U00016)",Barrett 11,23702,CT,NG,FO2,2511,U00016,0.875,0.875,24,12,0.5,10.60185482,89.97437572,79,K,0.875,21,217.1966335
"(2511,U00018)",Barrett 12,23703,CT,NG,FO2,2511,U00018,0.869565217,0.869565217,23,11.5,0.5,12.05381236,69.1122774,79,K,0.869565217,20,207.7311195
"(2512,UGT001)",East Hampton GT 01,23717,CT,FO2,,2512,UGT001,0.952380952,0.80952381,21,14.7,0.7,8.590673554,99.24248863,80,K,0.952380952,20,225.5253899
"(2514,U00020)",Glenwood GT 02,23688,CT,FO2,,2514,U00020,0.790322581,0.758064516,62,40.92,0.66,11.62563607,59.29689391,79,K,0.790322581,49,535.0179221
"(2514,U00021)",Glenwood GT 03,23689,CT,FO2,,2514,U00021,0.753846154,0.8,65,40.3,0.62,11.51699153,66.83313646,79,K,0.8,52,530.9678949
"(2516,1)",Northport 1,23551,ST,NG,FO6,2516,1,0.416058394,0.890510949,411,106.86,0.26,9.110029944,188.2736495,80,K,0.890510949,366,1161.771449
"(2516,2)",Northport 2,23552,ST,NG,FO6,2516,2,0.376811594,0.451690821,414,107.64,0.26,9.89143728,115.8462316,80,K,0.451690821,187,1180.56054
"(2516,3)",Northport 3,23553,ST,NG,FO6,2516,3,0.411192214,0.411192214,411,106.86,0.26,9.222456683,172.4570274,80,K,0.411192214,169,1157.968749
"(2516,4)",Northport 4,23650,ST,NG,FO6,2516,4,0.410714286,0.831632653,392,101.92,0.26,9.129316911,210.6856992,80,K,0.831632653,326,1141.145679
"(2516,UGT001)",Northport GT,23718,CT,FO2,,2516,UGT001,0.769230769,0.384615385,13,5.98,0.46,13.315,0,80,K,0.769230769,10,79.6237
"(2517,3)",Port Jefferson 3,23555,ST,FO6,NG,2517,3,0.480582524,0.446601942,206,41.2,0.2,10.236,0,80,K,0.480582524,99,421.7232
"(2517,4)",Port Jefferson 4,23616,ST,FO6,NG,2517,4,0.668316832,0.440594059,202,40.4,0.2,10.236,0,80,K,0.668316832,135,413.5344
"(2517,UGT001)",Port Jefferson GT 01,23713,CT,FO2,,2517,UGT001,0.866666667,0.933333333,15,10.2,0.68,13.315,0,80,K,0.933333333,14,135.813
"(2517,UGT002)",Port Jefferson GT 02,24210,CT,NG,FO2,2517,UGT002,0.957446809,0.744680851,47,31.96,0.68,9.648133779,8.335171747,80,K,0.957446809,45,316.6895273
"(2517,UGT003)",Port Jefferson GT 03,24211,CT,NG,FO2,2517,UGT003,0.895833333,0.875,48,32.64,0.68,9.304243339,3.97E-15,80,K,0.895833333,43,303.6905026
"(2521,UGT001)",West Babylon 4,23714,CT,FO2,,2521,UGT001,0.833333333,0.883333333,60,30,0.5,11.00026861,125.7185963,79,K,0.883333333,53,455.7266546
"(2527,6)",Greenidge 4,23583,ST,NG,WD,2527,6,0.527272727,0.490909091,110,35.2,0.32,9.782612246,-1.80E-17,65,C,0.527272727,58,344.3479511
"-253,910,001",Bethlehem Energy Center,323570,CC,NG,FO2,2539,10001,0.713592233,0.815533981,206,103,0.5,7.315894659,462.9377311,42,F,0.815533981,168,1216.474881
"-253,910,002",Bethlehem Energy Center,323570,CC,NG,FO2,2539,10002,0.697916667,0.744791667,192,96,0.5,7.770527452,421.9832997,42,F,0.744791667,143,1167.953935
"-253,910,003",Bethlehem Energy Center,323570,CC,NG,FO2,2539,10003,0.699029126,0.786407767,206,103,0.5,7.413461001,470.2653504,42,F,0.786407767,162,1233.851834
"(2594,5)",Oswego 5,23606,ST,FO6,,2594,5,0.215028902,0.265895954,865,155.7,0.18,8.990473559,698.3466999,50,C,0.265895954,230,2098.163433
"(2594,6)",Oswego 6,23613,ST,FO6,NG,2594,6,0.25990676,0.305361305,858,154.44,0.18,8.451872362,731.7261492,50,C,0.305361305,262,2037.033317
"(2625,1)",Bowline 1,23526,ST,NG,FO6,2625,1,0.355670103,0.505154639,582,93.12,0.16,8.733762907,507.6494825,77,G,0.505154639,294,1320.937484
"(2625,2)",Bowline 2,23595,ST,NG,FO6,2625,2,0.36915078,0.559792028,577,92.32,0.16,10.64436501,71.35958475,77,G,0.559792028,323,1054.047363
"-2,628,001",Hillburn GT,23639,CT,NG,KER,2628,1,0.972222222,0.25,36,20.88,0.58,13.94549665,-1.69E-12,77,G,0.972222222,35,291.1819699
"(2632,1)",Shoemaker GT,23640,CT,NG,KER,2632,1,0.371428571,0.257142857,35,19.6,0.56,15.68405986,3.49E-12,77,G,0.371428571,13,307.4075732
"(2679,5)",Freeport CT 2,23818,CT,NG,KER,2679,5,0.784313725,0.784313725,51,38.76,0.76,8.164740134,65.43596621,79,K,0.784313725,40,381.9012938
"(2682,20)",Jamestown 7,1659,CT,NG,,2682,20,0.673913043,0.413043478,46,31.28,0.68,8.166179318,98.1315928,60,A,0.673913043,31,353.5696819
"(7146,UGT007)",Wading River 1,23522,CT,FO2,,7146,UGT007,0.86,0.8,100,60,0.6,7.343206249,403.1274741,80,K,0.86,86,843.719849
"(7146,UGT008)",Wading River 2,23547,CT,FO2,,7146,UGT008,0.787234043,0.808510638,94,56.4,0.6,9.87243949,204.326714,80,K,0.808510638,76,761.1323012
"(7146,UGT009)",Wading River 3,23601,CT,FO2,,7146,UGT009,0.854166667,0.916666667,96,57.6,0.6,9.452403294,218.4799177,80,K,0.916666667,88,762.9383474
"(7146,UGT013)",Shoreham 1,23715,CT,FO2,,7146,UGT013,0.85483871,0.951612903,62,31,0.5,12.17385527,42.60456292,80,K,0.951612903,59,419.9940762
"(7146,UGT014)",Shoreham 2,23716,CT,FO2,,7146,UGT014,0.9,0.8,20,10,0.5,5.840970092,125.8745974,80,K,0.9,18,184.2842983
"-7,314,001",Flynn,23794,CC,NG,FO2,7314,1,0.410714286,0.544642857,112,64.96,0.58,9.26208777,271.7385461,80,K,0.544642857,61,873.4037676
"(7869,UGT011)",Glenwood GT 01,23712,CT,FO2,,7869,UGT011,0.75,0.916666667,12,9.36,0.78,13.315,0,79,K,0.916666667,11,124.6284
"(7869,UGT012)",Glenwood GT 04,24219,CT,NG,FO2,7869,UGT012,0.916666667,0.958333333,48,37.44,0.78,7.999803334,76.79380236,79,K,0.958333333,46,376.3064392
"(7869,UGT013)",Glenwood GT 05,24220,CT,NG,FO2,7869,UGT013,0.936170213,0.957446809,47,36.66,0.78,7.728147631,79.89382101,79,K,0.957446809,45,363.2077132
"(7909,VB01)",Vernon Blvd 2,24162,CT,NG,,7909,VB01,0.906976744,0.930232558,43,34.4,0.8,9.382222159,1.89E-14,82,J,0.930232558,40,322.7484423
"(7909,VB02)",Vernon Blvd 3,24163,CT,NG,,7909,VB02,0.952380952,0.952380952,42,33.6,0.8,9.451187907,-1.21E-15,82,J,0.952380952,40,317.5599137
"-79,102,301",Gowanus 5,24156,CT,NG,,7910,2301,0.909090909,0.863636364,44,35.2,0.8,10.04350526,1.93E-16,82,J,0.909090909,40,353.5313853
"-79,102,302",Gowanus 6,24157,CT,NG,,7910,2302,0.930232558,0.976744186,43,34.4,0.8,10.05240722,5.59E-17,82,J,0.976744186,42,345.8028084
"(7912,BW01)",Brentwood,24164,CT,NG,,7912,BW01,0.916666667,0.958333333,48,38.4,0.8,6.872491389,118.2483589,80,K,0.958333333,46,382.1520282
"(7913,HG01)",Hellgate 1,24158,CT,NG,,7913,HG01,0.906976744,0.953488372,43,34.4,0.8,9.812526202,-4.31E-16,82,J,0.953488372,41,337.5509014
"(7913,HG02)",Hellgate 2,24159,CT,NG,,7913,HG02,0.906976744,0.744186047,43,34.4,0.8,9.948797492,-2.92E-17,82,J,0.906976744,39,342.2386337
"(7914,HR01)",Harlem River 1,24160,CT,NG,,7914,HR01,0.888888889,0.977777778,45,36,0.8,10.04207015,-8.83E-17,82,J,0.977777778,44,361.5145253
"(7914,HR02)",Harlem River 2,24161,CT,NG,,7914,HR02,0.74,0.76,50,40,0.8,7.697826958,83.93552641,82,J,0.76,38,391.8486047
"(7915,NO1)",Kent,24152,CT,NG,,7915,NO1,0.918367347,0.836734694,49,39.2,0.8,10.00779536,6.59E-17,82,J,0.918367347,45,392.3055781
"(8006,1)",Roseton 1,23587,ST,FO6,NG,8006,1,0.436220472,0.555905512,635,165.1,0.26,10.236,0,77,G,0.555905512,353,1689.9636
"(8006,2)",Roseton 2,23588,ST,FO6,NG,8006,2,0.416403785,0.496845426,634,164.84,0.26,8.82548893,329.9936812,77,G,0.496845426,315,1784.787276
"(8007,U00001)",Holtsville 01,23690,CT,FO2,,8007,U00001,0.9375,0.6875,16,8.64,0.54,15.79517839,-1.95E-15,80,K,0.9375,15,136.4703413
"(8007,U00003)",Holtsville 02,23691,CT,FO2,,8007,U00003,0.933333333,0.733333333,15,8.1,0.54,16.00387539,-6.04E-15,80,K,0.933333333,14,129.6313906
"(8007,U00005)",Holtsville 03,23692,CT,FO2,,8007,U00005,0.8,0.8,15,8.1,0.54,15.78771716,-9.58E-16,80,K,0.8,12,127.880509
"(8007,U00008)",Holtsville 04,23693,CT,FO2,,8007,U00008,0.875,0.8125,16,8.64,0.54,16.00844268,-1.12E-14,80,K,0.875,14,138.3129448
"(8007,U00009)",Holtsville 05,23694,CT,FO2,,8007,U00009,0.933333333,0.466666667,15,8.1,0.54,15.72292848,9.17E-15,80,K,0.933333333,14,127.3557207
"(8007,U00011)",Holtsville 06,23695,CT,FO2,,8007,U00011,0.903225806,0.870967742,31,16.74,0.54,15.59714939,-5.55E-17,80,K,0.903225806,28,261.0962807
"(8007,U00013)",Holtsville 07,23696,CT,FO2,,8007,U00013,0.903225806,0.838709677,31,16.74,0.54,15.66493233,5.55E-16,80,K,0.903225806,28,262.2309671
"(8007,U00015)",Holtsville 08,23697,CT,FO2,,8007,U00015,0.878787879,0.787878788,33,17.82,0.54,15.40834124,-2.50E-15,80,K,0.878787879,29,274.5766409
"(8007,U00017)",Holtsville 09,23698,CT,FO2,,8007,U00017,0.875,0.75,32,17.28,0.54,13.62725696,35.11943354,80,K,0.875,28,270.5984339
"(8007,U00019)",Holtsville 10,23699,CT,FO2,,8007,U00019,0.90625,0.875,32,17.28,0.54,15.61744263,-6.66E-16,80,K,0.90625,29,269.8694087
"(8053,PT01)",Pouch,24155,CT,NG,,8053,PT01,0.958333333,0.958333333,48,38.4,0.8,9.988037553,-1.04E-19,82,J,0.958333333,46,383.540642
"(8906,20)",Astoria 2,24149,ST,NG,,8906,20,0.328947368,0.460526316,152,57.76,0.38,10.86919356,146.1491327,82,J,0.460526316,70,773.953753
"(8906,31RH)",Astoria 3,23516,ST,FO6,NG,8906,31RH,0.385826772,0.496062992,381,76.2,0.2,4.482112822,141.8755944,82,J,0.496062992,189,483.4125914
"(8906,32SH)",Astoria 3,23516,ST,FO6,NG,8906,32SH,0.385826772,0.496062992,381,76.2,0.2,4.480479533,110.6720317,82,J,0.496062992,189,452.0845721
"(8906,51RH)",Astoria 5,23518,ST,FO6,NG,8906,51RH,0.435443038,0.511392405,395,79,0.2,4.655627806,133.3050372,82,J,0.511392405,202,501.0996339
"(8906,52SH)",Astoria 5,23518,ST,FO6,NG,8906,52SH,0.435443038,0.511392405,395,79,0.2,4.552470964,135.9947803,82,J,0.511392405,202,495.6399865
"(8906,CT0001)",Astoria GT 01,23523,CT,NG,,8906,CT0001,1,1,20,16,0.8,11.098,0,82,J,1,20,177.568
"(10190,1)",Castleton Energy Center,23900,CC,NG,FO2,10190,1,0.407894737,0.394736842,76,51.68,0.68,9.024576677,-4.06E-14,42,F,0.407894737,31,466.3901227
"(10617,1)",Beaver Falls,23983,CC,NG,FO2,10617,1,0.383838384,0.464646465,99,29.7,0.3,5.876011229,143.6613712,47,E,0.464646465,46,318.1789047
"-1,061,900,001",Allegany,23514,CC,NG,,10619,1,0.454545455,0.666666667,66,36.96,0.56,7.130047284,38.50872418,62,B,0.666666667,44,302.0352718
"(10620,1)",Carthage Energy,23857,CC,NG,FO2,10620,1,0.532258065,0.612903226,62,45.88,0.74,7.940924012,25.45280968,47,E,0.612903226,38,389.7824033
"(10621,1)",Syracuse,23985,CC,NG,FO2,10621,1,0.602040816,0.489795918,98,49,0.5,6.932666937,55.39163935,51,C,0.602040816,59,395.0923193
"(10725,CTG101)",Selkirk-I,23801,CC,NG,FO2,10725,CTG101,0.577464789,0.373239437,142,107.92,0.76,6.933690937,88.31144188,42,F,0.577464789,82,836.5953678
"(10725,CTG201)",Selkirk-II,23799,CC,NG,FO2,10725,CTG201,0.842465753,0.438356164,146,73,0.5,6.424606772,201.4081959,42,F,0.842465753,123,670.4044903
"(10725,CTG301)",Selkirk-II,23799,CC,NG,FO2,10725,CTG301,0.634482759,0.386206897,145,72.5,0.5,7.499373277,71.29752104,42,F,0.634482759,92,615.0020836
"-500,064,001",Linden Cogen,23786,CC,NG,BUT,50006,4001,0.851612903,0.85483871,310,142.6,0.46,5.430356142,292.039598,81,J,0.85483871,265,1066.408384
"-500,065,001",Linden Cogen,23786,CC,NG,BUT,50006,5001,0.751295337,0.544041451,193,88.78,0.46,7.157579708,-8.50E-13,81,J,0.751295337,145,635.4499265
"-500,066,001",Linden Cogen,23786,CC,NG,BUT,50006,6001,0.695876289,0.706185567,194,89.24,0.46,7.092518855,9.31E-13,81,J,0.706185567,137,632.9363826
"-500,067,001",Linden Cogen,23786,CC,NG,BUT,50006,7001,0.682291667,0.619791667,192,88.32,0.46,7.105582731,7.072607173,81,J,0.682291667,131,634.637674
"-500,068,001",Linden Cogen,23786,CC,NG,BUT,50006,8001,0.742268041,0.726804124,194,89.24,0.46,7.140999101,-1.62E-12,81,J,0.742268041,144,637.2627598
"-500,069,001",Linden Cogen,23786,CC,NG,BUT,50006,9001,0.729166667,0.458333333,192,88.32,0.46,7.19903345,8.39E-13,81,J,0.729166667,140,635.8186343
"(50292,GT1)",Bethpage,23823,CC,NG,,50292,GT1,0.393442623,0.508196721,61,12.24,0.200655738,7.633,0,79,K,0.508196721,31,93.42792
"(50292,GT2)",Bethpage,23823,CC,NG,,50292,GT2,0.634146341,0.829268293,41,13.94,0.34,7.633,0,79,K,0.829268293,34,106.40402
"(50292,GT3)",Bethpage GT4,323586,CT,NG,,50292,GT3,0.958333333,0.958333333,48,38.4,0.8,9.753453747,-2.07E-16,79,K,0.958333333,46,374.5326239
"(50292,GT4)",Bethpage 3,323564,CC,NG,,50292,GT4,0.404761905,0.726190476,84,26.88,0.32,7.633,0,79,K,0.726190476,61,205.17504
"(50449,1)",Indeck-Silver Springs,23768,CC,NG,FO2,50449,1,0.491525424,0.644067797,59,29.5,0.5,7.993590987,51.49961549,65,C,0.644067797,38,287.3105496
"(50450,1)",Indeck-Oswego,23783,CC,NG,FO2,50450,1,0.615384615,0.661538462,65,32.5,0.5,8.489959382,-2.15E-13,50,C,0.661538462,43,275.9236799
"(50451,1)",Indeck-Yerkes,23781,CC,NG,FO2,50451,1,0.566666667,0.7,60,30,0.5,9.431494736,5.74E-15,57,A,0.7,42,282.9448421
"(50458,1)",Indeck-Corinth,23802,CC,NG,FO2,50458,1,0.642857143,0.892857143,140,70,0.5,6.1034226,249.5691433,42,F,0.892857143,125,676.8087253
"-5,074,400,001",Sterling,23777,CC,NG,,50744,1,0.488888889,0.555555556,45,31.5,0.7,8.296211471,112.0597817,45,E,0.555555556,25,373.390443
"(50978,A)",Carr St.-E. Syr,24060,CC,NG,FO2,50978,A,0.489795918,0.612244898,49,9.84,0.200816327,9.696324595,79.10943998,51,C,0.612244898,30,174.521274
"(50978,B)",Carr St.-E. Syr,24060,CC,NG,FO2,50978,B,0.595238095,0.642857143,42,10.08,0.24,9.631116463,82.7299719,51,C,0.642857143,27,179.8116258
"(54034,1GTDBS)",Rensselaer,23796,CC,NG,FO2,54034,1GTDBS,0.457831325,0.626506024,83,58.1,0.7,8.12899705,50.71282006,42,F,0.626506024,52,523.0075487
"-54,041,011,854",Lockport,23791,CC,NG,FO2,54041,11854,0.461538462,0.461538462,52,31.2,0.6,12.78477139,1.39E-17,56,A,0.461538462,24,398.8848674
"-54,041,011,855",Lockport,23791,CC,NG,FO2,54041,11855,0.490196078,0.392156863,51,30.6,0.6,11.46706708,35.29313723,56,A,0.490196078,25,386.18539
"-54,041,011,856",Lockport,23791,CC,NG,FO2,54041,11856,0.557692308,0.403846154,52,31.2,0.6,12.74880802,0.950710154,56,A,0.557692308,29,398.7135204
"(54076,1)",Indeck-Olean,23982,CC,NG,FO2,54076,1,0.523809524,0.75,84,45.36,0.54,7.76704547,55.73134202,61,A,0.75,63,408.0445245
"(54114,GT1)",KIAC_JFK_GT1,23816,CC,NG,FO2,54114,GT1,0.492957746,0.507042254,71,35.5,0.5,7.385901206,112.1160748,82,J,0.507042254,36,374.3155676
"(54114,GT2)",KIAC_JFK_GT2,23817,CC,NG,FO2,54114,GT2,0.4,0.475,80,32,0.4,7.655968741,83.81777667,82,J,0.475,38,328.8087764
"(54131,NTCT1)",Fortistar - N.Tonawanda,24026,CC,NG,FO2,54131,NTCT1,0.541666667,0.583333333,48,33.6,0.7,8.720537273,118.935568,57,A,0.583333333,28,411.9456203
"(54149,1)",Stony Brook,24151,CT,NG,FO2,54149,1,0.612244898,0.775510204,49,26.46,0.54,9.619779724,65.29733949,80,K,0.775510204,38,319.836711
"(54547,1)",Independence,23970,CC,NG,,54547,1,0.538709677,0.758064516,310,145.7,0.47,6.119086372,209.8137903,50,C,0.758064516,235,1101.364675
"(54547,2)",Independence,23970,CC,NG,,54547,2,0.750819672,0.668852459,305,143.35,0.47,5.989454246,237.5911488,50,C,0.750819672,229,1096.179415
"(54547,3)",Independence,23970,CC,NG,,54547,3,0.635782748,0.690095847,313,147.11,0.47,6.480930303,96.41074779,50,C,0.690095847,216,1049.820405
"(54547,4)",Independence,23970,CC,NG,,54547,4,0.623794212,0.672025723,311,146.17,0.47,6.241380517,174.2832662,50,C,0.672025723,209,1086.585856
"-5,457,400,001",Saranac Energy,23793,CC,NG,,54574,1,0.607843137,0.679738562,153,70.38,0.46,9.015481878,1.29E-13,48,D,0.679738562,104,634.5096146
"-5,457,400,002",Saranac Energy,23793,CC,NG,,54574,2,0.542253521,0.556338028,142,65.32,0.46,7.215732458,158.6691457,48,D,0.556338028,79,630.0007898
"-54,592,001",Massena,23902,CC,NG,FO2,54592,1,0.509803922,0.509803922,51,40.8,0.8,14.2452914,2.08E-16,48,D,0.509803922,26,581.2078893
"(54593,1)",Batavia,24024,CC,NG,,54593,1,0.697674419,0.837209302,43,24.08,0.56,7.834636302,157.3698934,62,B,0.837209302,36,346.0279356
"(54914,1)",Brooklyn Navy Yard,23515,CC,NG,FO2,54914,1,0.495798319,0.512605042,119,66.64,0.56,8.728211272,276.3696169,82,J,0.512605042,61,858.017616
"(54914,2)",Brooklyn Navy Yard,23515,CC,NG,FO2,54914,2,0.504132231,0.504132231,121,67.76,0.56,8.68471375,270.3889122,82,J,0.504132231,61,858.8651159
"(55243,CT2-1A)",Astoria GT 2-1,24094,CT,KER,NG,55243,CT2-1A,0.95,0.5,20,16,0.8,13.315,0,82,J,0.95,19,213.04
"(55243,CT2-2A)",Astoria GT 2-2,24095,CT,KER,NG,55243,CT2-2A,0.85,1,20,16,0.8,13.315,0,82,J,1,20,213.04
"(55243,CT2-3A)",Astoria GT 2-3,24096,CT,KER,NG,55243,CT2-3A,0.85,0.05,20,16,0.8,13.315,0,82,J,0.85,17,213.04
"(55243,CT2-4A)",Astoria GT 2-4,24097,CT,KER,NG,55243,CT2-4A,0.85,0.6,20,16,0.8,13.315,0,82,J,0.85,17,213.04
"(55243,CT3-1A)",Astoria GT 3-1,24098,CT,KER,NG,55243,CT3-1A,0.85,0.1,20,16,0.8,13.315,0,82,J,0.85,17,213.04
"(55243,CT3-2A)",Astoria GT 3-2,24099,CT,KER,NG,55243,CT3-2A,0.85,0.4,20,16,0.8,13.315,0,82,J,0.85,17,213.04
"(55243,CT3-3A)",Astoria GT 3-3,24100,CT,KER,NG,55243,CT3-3A,0.8,1,20,16,0.8,13.315,0,82,J,1,20,213.04
"(55243,CT3-4A)",Astoria GT 3-4,24101,CT,KER,NG,55243,CT3-4A,0.85,0.05,20,16,0.8,13.315,0,82,J,0.85,17,213.04
"(55243,CT4-1A)",Astoria GT 4-1,24102,CT,KER,NG,55243,CT4-1A,0.85,0.8,20,16,0.8,13.315,0,82,J,0.85,17,213.04
"(55243,CT4-2A)",Astoria GT 4-2,24103,CT,KER,NG,55243,CT4-2A,0.85,0.85,20,16,0.8,13.315,0,82,J,0.85,17,213.04
"(55243,CT4-3A)",Astoria GT 4-3,24104,CT,KER,NG,55243,CT4-3A,0.65,1,20,16,0.8,13.315,0,82,J,1,20,213.04
"(55243,CT4-4A)",Astoria GT 4-4,24105,CT,KER,NG,55243,CT4-4A,0.8,0.4,20,16,0.8,13.315,0,82,J,0.8,16,213.04
"(55375,CT1)",Astoria East Energy - CC1,323581,CC,NG,FO2,55375,CT1,0.642172524,0.690095847,313,156.5,0.5,5.98678104,186.8759149,82,J,0.690095847,216,1123.807148
"(55375,CT2)",Astoria East Energy - CC2,323582,CC,NG,FO2,55375,CT2,0.635782748,0.664536741,313,156.5,0.5,5.855728652,292.3655001,82,J,0.664536741,208,1208.787034
"(55375,CT3)",Astoria Energy 2 - CC3,323677,CC,NG,FO2,55375,CT3,0.623003195,0.779552716,313,156.5,0.5,6.641309654,204.1702441,82,J,0.779552716,244,1243.535205
"(55375,CT4)",Astoria Energy 2 - CC4,323678,CC,NG,FO2,55375,CT4,0.661341853,0.645367412,313,156.5,0.5,6.597373013,191.4712425,82,J,0.661341853,207,1223.960119
"(55405,1)",Athens 1,23668,CC,NG,FO2,55405,1,0.530456853,0.753807107,394,267.92,0.68,6.228279966,186.764574,42,F,0.753807107,297,1855.445342
"(55405,2)",Athens 2,23670,CC,NG,FO2,55405,2,0.588082902,0.621761658,386,262.48,0.68,6.108879405,228.2047404,42,F,0.621761658,240,1831.663407
"(55405,3)",Athens 3,23677,CC,NG,FO2,55405,3,0.608465608,0.708994709,378,257.04,0.68,6.284446352,214.7019487,42,F,0.708994709,268,1830.056039
"(55699,1)",Far Rockaway GT1,24212,CT,NG,,55699,1,0.866666667,0.9,60,48,0.8,9.555118979,66.26244404,79,K,0.9,54,524.908155
"(55699,2)",Far Rockaway GT2,23815,CT,KER,,55699,2,0.944444444,0.907407407,54,43.2,0.8,10.28007463,2.01E-15,79,K,0.944444444,51,444.0992238
"(55786,CT01)",Pilgrim GT1,24216,CT,NG,,55786,CT01,0.916666667,0.916666667,48,37.44,0.78,9.673749336,12.1739188,80,K,0.916666667,44,374.3590939
"(55786,CT02)",Pilgrim GT2,24217,CT,NG,,55786,CT02,0.918367347,0.918367347,49,38.22,0.78,8.179592113,79.6432882,80,K,0.918367347,45,392.2672987
"(55787,CT01)",Shoreham GT3,24213,CT,FO2,,55787,CT01,0.87755102,0.857142857,49,39.2,0.8,8.497408484,-1.60E-14,80,K,0.87755102,43,333.0984126
"(55787,CT02)",Shoreham GT4,24214,CT,FO2,,55787,CT02,0.895833333,0.875,48,38.4,0.8,9.028227684,1.28E-14,80,K,0.895833333,43,346.683943
"(55969,U-01)",Greenport GT1,23814,CT,FO2,,55969,U-01,0.966666667,0.966666667,60,30,0.5,6.72461163,165.207729,80,K,0.966666667,58,366.9460779
"-560,320,001",Freeport CT 1,23764,CT,NG,FO2,56032,1,0.9375,0.9375,48,38.4,0.8,9.475702467,1.95E-16,79,K,0.9375,45,363.8669747
"-5,618,800,001",Pinelawn Power 1,323563,CC,NG,KER,56188,1,0.425,0.7,80,44.8,0.56,8.124406918,1.85E-13,79,K,0.7,56,363.9734299
"(56196,CTG7A)",Astoria CC 1,323568,CC,NG,FO2,56196,CTG7A,0.56122449,0.676870748,294,117.6,0.4,5.777926747,285.2522411,82,J,0.676870748,199,964.7364265
"(56196,CTG7B)",Astoria CC 2,323569,CC,NG,FO2,56196,CTG7B,0.524926686,0.744868035,341,136.4,0.4,5.529880248,317.095335,82,J,0.744868035,254,1071.371001
"-562,340,001",Caithness_CC_1,323624,CC,NG,FO2,56234,1,0.323529412,0.617647059,374,224.4,0.6,6.687895417,7.10E-14,80,K,0.617647059,231,1500.763732
"(56259,CT-1)",EMPIRE_CC_1,323656,CC,NG,FO2,56259,CT-1,0.591591592,0.783783784,333,159.84,0.48,6.640451515,137.0328016,42,F,0.783783784,261,1198.442572
"(56259,CT-2)",EMPIRE_CC_2,323658,CC,NG,FO2,56259,CT-2,0.63253012,0.75,332,159.36,0.48,6.76243391,90.42372943,42,F,0.75,249,1168.085197
"(56940,1)",CPV Valley CC1,323721,CC,NG,FO2,56940,1,0.921126761,0.557746479,355,177.5,0.5,6.928321212,3.72E-12,77,G,0.921126761,327,1229.777015
"(56940,2)",CPV Valley CC2,323722,CC,NG,FO2,56940,2,0.825484765,0.689750693,361,180.5,0.5,6.920792416,-1.96E-12,77,G,0.825484765,298,1249.203031
"(56964,GT1)",Bayonne EC  CTG1,323682,CT,NG,KER,56964,GT1,0.921875,0.9375,64,32,0.5,8.956507191,7.33E-14,81,J,0.9375,60,286.6082301
"(56964,GT10)",Bayonne EC  CTG10,323750,CT,NG,KER,56964,GT10,0.878787879,0.863636364,66,33,0.5,8.998065941,9.64E-15,81,J,0.878787879,58,296.936176
"(56964,GT2)",Bayonne EC  CTG2,323683,CT,NG,KER,56964,GT2,0.96875,0.875,64,32,0.5,8.95435361,6.69E-14,81,J,0.96875,62,286.5393155
"(56964,GT3)",Bayonne EC  CTG3,323684,CT,NG,KER,56964,GT3,0.90625,0.3125,64,32,0.5,9.03474264,3.29E-14,81,J,0.90625,58,289.1117645
"(56964,GT4)",Bayonne EC  CTG4,323685,CT,NG,KER,56964,GT4,0.9375,0.359375,64,32,0.5,9.007330262,4.89E-14,81,J,0.9375,60,288.2345684
"(56964,GT5)",Bayonne EC  CTG5,323686,CT,NG,KER,56964,GT5,0.890625,0.359375,64,32,0.5,9.112634555,-6.05E-15,81,J,0.890625,57,291.6043058
"(56964,GT6)",Bayonne EC  CTG6,323687,CT,NG,KER,56964,GT6,0.9375,0.375,64,32,0.5,8.816723886,2.24E-13,81,J,0.9375,60,282.1351643
"(56964,GT7)",Bayonne EC  CTG7,323688,CT,NG,KER,56964,GT7,0.90625,0.875,64,32,0.5,8.831231307,3.47E-14,81,J,0.90625,58,282.5994018
"(56964,GT8)",Bayonne EC  CTG8,323689,CT,NG,KER,56964,GT8,0.921875,0.890625,64,32,0.5,8.860224599,-8.53E-14,81,J,0.921875,59,283.5271872
"(56964,GT9)",Bayonne EC  CTG9,323749,CT,NG,KER,56964,GT9,0.924242424,0.878787879,66,33,0.5,9.044155229,1.51E-13,81,J,0.924242424,61,298.4571226
"(57185,U001)",Cricket Valley CC1,323756,CC,NG,,57185,U001,0.932816537,0.622739018,387,185.76,0.48,6.171118245,205.5361087,39,G,0.932816537,361,1351.883034
"(57185,U002)",Cricket Valley CC2,323757,CC,NG,,57185,U002,0.922279793,0.839378238,386,185.28,0.48,6.16272348,198.710761,39,G,0.922279793,356,1340.540167
"(57185,U003)",Cricket Valley CC3,323758,CC,NG,,57185,U003,0.909793814,0.662371134,388,186.24,0.48,6.105954239,214.3940878,39,G,0.909793814,353,1351.567005